"trial_number","mean_RT","sd_RT","n","se","upper","lower","model","fit"
1,3107.87833333333,1868.57445796947,48,269.705491577383,3377.58382491072,2838.17284175595,"Q",1454.43461387808
1,3107.87833333333,1868.57445796947,48,269.705491577383,3377.58382491072,2838.17284175595,"Q * gaze",1515.61935638618
1,3107.87833333333,1868.57445796947,48,269.705491577383,3377.58382491072,2838.17284175595,"Q + gaze",1404.01858919438
1,3107.87833333333,1868.57445796947,48,269.705491577383,3377.58382491072,2838.17284175595,"softmax(Q)",1515.46030232683
1,3107.87833333333,1868.57445796947,48,269.705491577383,3377.58382491072,2838.17284175595,"softmax(Q * gaze)",1438.98091540857
1,3107.87833333333,1868.57445796947,48,269.705491577383,3377.58382491072,2838.17284175595,"softmax(Q) * gaze",1592.33267226176
1,3107.87833333333,1868.57445796947,48,269.705491577383,3377.58382491072,2838.17284175595,"softmax(Q) + gaze",1487.90568314717
1,3107.87833333333,1868.57445796947,48,269.705491577383,3377.58382491072,2838.17284175595,"softmax(Q + gaze)",1494.72412472888
2,2459.75530612245,1580.64899720429,49,225.806999600613,2685.56230572306,2233.94830652184,"Q",1419.44767927565
2,2459.75530612245,1580.64899720429,49,225.806999600613,2685.56230572306,2233.94830652184,"Q * gaze",1481.07649029867
2,2459.75530612245,1580.64899720429,49,225.806999600613,2685.56230572306,2233.94830652184,"Q + gaze",1392.62533442428
2,2459.75530612245,1580.64899720429,49,225.806999600613,2685.56230572306,2233.94830652184,"softmax(Q)",1517.35097082543
2,2459.75530612245,1580.64899720429,49,225.806999600613,2685.56230572306,2233.94830652184,"softmax(Q * gaze)",1371.34471922146
2,2459.75530612245,1580.64899720429,49,225.806999600613,2685.56230572306,2233.94830652184,"softmax(Q) * gaze",1563.1591008549
2,2459.75530612245,1580.64899720429,49,225.806999600613,2685.56230572306,2233.94830652184,"softmax(Q) + gaze",1463.25265627624
2,2459.75530612245,1580.64899720429,49,225.806999600613,2685.56230572306,2233.94830652184,"softmax(Q + gaze)",1433.21267210352
3,2380.8896,1409.23736071412,50,199.296258812477,2580.18585881248,2181.59334118752,"Q",1418.65066189609
3,2380.8896,1409.23736071412,50,199.296258812477,2580.18585881248,2181.59334118752,"Q * gaze",1484.09570857477
3,2380.8896,1409.23736071412,50,199.296258812477,2580.18585881248,2181.59334118752,"Q + gaze",1380.13295269042
3,2380.8896,1409.23736071412,50,199.296258812477,2580.18585881248,2181.59334118752,"softmax(Q)",1485.8680429453
3,2380.8896,1409.23736071412,50,199.296258812477,2580.18585881248,2181.59334118752,"softmax(Q * gaze)",1373.57499612122
3,2380.8896,1409.23736071412,50,199.296258812477,2580.18585881248,2181.59334118752,"softmax(Q) * gaze",1588.7951984921
3,2380.8896,1409.23736071412,50,199.296258812477,2580.18585881248,2181.59334118752,"softmax(Q) + gaze",1446.99977985499
3,2380.8896,1409.23736071412,50,199.296258812477,2580.18585881248,2181.59334118752,"softmax(Q + gaze)",1454.58023628199
4,2242.06,1176.68330603969,49,168.097615148527,2410.15761514853,2073.96238485147,"Q",1386.97979477421
4,2242.06,1176.68330603969,49,168.097615148527,2410.15761514853,2073.96238485147,"Q * gaze",1485.86651462558
4,2242.06,1176.68330603969,49,168.097615148527,2410.15761514853,2073.96238485147,"Q + gaze",1407.41562657192
4,2242.06,1176.68330603969,49,168.097615148527,2410.15761514853,2073.96238485147,"softmax(Q)",1493.99294973895
4,2242.06,1176.68330603969,49,168.097615148527,2410.15761514853,2073.96238485147,"softmax(Q * gaze)",1395.25301560758
4,2242.06,1176.68330603969,49,168.097615148527,2410.15761514853,2073.96238485147,"softmax(Q) * gaze",1600.54409263523
4,2242.06,1176.68330603969,49,168.097615148527,2410.15761514853,2073.96238485147,"softmax(Q) + gaze",1465.27246832686
4,2242.06,1176.68330603969,49,168.097615148527,2410.15761514853,2073.96238485147,"softmax(Q + gaze)",1486.29435949708
5,2061.63551020408,1079.02309662695,49,154.146156660993,2215.78166686507,1907.48935354309,"Q",1405.15402210213
5,2061.63551020408,1079.02309662695,49,154.146156660993,2215.78166686507,1907.48935354309,"Q * gaze",1432.02528408994
5,2061.63551020408,1079.02309662695,49,154.146156660993,2215.78166686507,1907.48935354309,"Q + gaze",1363.53228648306
5,2061.63551020408,1079.02309662695,49,154.146156660993,2215.78166686507,1907.48935354309,"softmax(Q)",1492.20261164551
5,2061.63551020408,1079.02309662695,49,154.146156660993,2215.78166686507,1907.48935354309,"softmax(Q * gaze)",1375.14220935013
5,2061.63551020408,1079.02309662695,49,154.146156660993,2215.78166686507,1907.48935354309,"softmax(Q) * gaze",1510.8499990737
5,2061.63551020408,1079.02309662695,49,154.146156660993,2215.78166686507,1907.48935354309,"softmax(Q) + gaze",1448.88538029067
5,2061.63551020408,1079.02309662695,49,154.146156660993,2215.78166686507,1907.48935354309,"softmax(Q + gaze)",1457.3237492191
6,2111.645,1121.7634646072,50,158.641310542214,2270.28631054221,1953.00368945779,"Q",1427.23277548604
6,2111.645,1121.7634646072,50,158.641310542214,2270.28631054221,1953.00368945779,"Q * gaze",1516.92179753004
6,2111.645,1121.7634646072,50,158.641310542214,2270.28631054221,1953.00368945779,"Q + gaze",1416.22473943651
6,2111.645,1121.7634646072,50,158.641310542214,2270.28631054221,1953.00368945779,"softmax(Q)",1480.4247851449
6,2111.645,1121.7634646072,50,158.641310542214,2270.28631054221,1953.00368945779,"softmax(Q * gaze)",1380.02851526742
6,2111.645,1121.7634646072,50,158.641310542214,2270.28631054221,1953.00368945779,"softmax(Q) * gaze",1585.04392932665
6,2111.645,1121.7634646072,50,158.641310542214,2270.28631054221,1953.00368945779,"softmax(Q) + gaze",1467.73256620544
6,2111.645,1121.7634646072,50,158.641310542214,2270.28631054221,1953.00368945779,"softmax(Q + gaze)",1452.59674708344
7,2162.0182,1516.30258621625,50,214.437568208842,2376.45576820884,1947.58063179116,"Q",1411.09622681173
7,2162.0182,1516.30258621625,50,214.437568208842,2376.45576820884,1947.58063179116,"Q * gaze",1484.64634359124
7,2162.0182,1516.30258621625,50,214.437568208842,2376.45576820884,1947.58063179116,"Q + gaze",1365.31338148659
7,2162.0182,1516.30258621625,50,214.437568208842,2376.45576820884,1947.58063179116,"softmax(Q)",1463.06949629726
7,2162.0182,1516.30258621625,50,214.437568208842,2376.45576820884,1947.58063179116,"softmax(Q * gaze)",1376.12097754605
7,2162.0182,1516.30258621625,50,214.437568208842,2376.45576820884,1947.58063179116,"softmax(Q) * gaze",1520.6037113334
7,2162.0182,1516.30258621625,50,214.437568208842,2376.45576820884,1947.58063179116,"softmax(Q) + gaze",1420.65783075994
7,2162.0182,1516.30258621625,50,214.437568208842,2376.45576820884,1947.58063179116,"softmax(Q + gaze)",1418.51725968284
8,1895.6526,991.721528322341,50,140.250603545083,2035.90320354508,1755.40199645492,"Q",1406.03156604079
8,1895.6526,991.721528322341,50,140.250603545083,2035.90320354508,1755.40199645492,"Q * gaze",1462.74766324796
8,1895.6526,991.721528322341,50,140.250603545083,2035.90320354508,1755.40199645492,"Q + gaze",1338.57012181985
8,1895.6526,991.721528322341,50,140.250603545083,2035.90320354508,1755.40199645492,"softmax(Q)",1449.29116714653
8,1895.6526,991.721528322341,50,140.250603545083,2035.90320354508,1755.40199645492,"softmax(Q * gaze)",1377.93473101117
8,1895.6526,991.721528322341,50,140.250603545083,2035.90320354508,1755.40199645492,"softmax(Q) * gaze",1491.00525537275
8,1895.6526,991.721528322341,50,140.250603545083,2035.90320354508,1755.40199645492,"softmax(Q) + gaze",1420.65903373199
8,1895.6526,991.721528322341,50,140.250603545083,2035.90320354508,1755.40199645492,"softmax(Q + gaze)",1422.45105578655
9,1744.6358,854.929966316826,50,120.905355324443,1865.54115532444,1623.73044467556,"Q",1407.21980647856
9,1744.6358,854.929966316826,50,120.905355324443,1865.54115532444,1623.73044467556,"Q * gaze",1504.72081183998
9,1744.6358,854.929966316826,50,120.905355324443,1865.54115532444,1623.73044467556,"Q + gaze",1372.34955922741
9,1744.6358,854.929966316826,50,120.905355324443,1865.54115532444,1623.73044467556,"softmax(Q)",1447.14766970303
9,1744.6358,854.929966316826,50,120.905355324443,1865.54115532444,1623.73044467556,"softmax(Q * gaze)",1382.0200361098
9,1744.6358,854.929966316826,50,120.905355324443,1865.54115532444,1623.73044467556,"softmax(Q) * gaze",1536.57231982514
9,1744.6358,854.929966316826,50,120.905355324443,1865.54115532444,1623.73044467556,"softmax(Q) + gaze",1413.63482310008
9,1744.6358,854.929966316826,50,120.905355324443,1865.54115532444,1623.73044467556,"softmax(Q + gaze)",1427.35988687634
10,1816.0602,958.785218638435,50,135.592705960133,1951.65290596013,1680.46749403987,"Q",1405.36994255541
10,1816.0602,958.785218638435,50,135.592705960133,1951.65290596013,1680.46749403987,"Q * gaze",1440.10965221944
10,1816.0602,958.785218638435,50,135.592705960133,1951.65290596013,1680.46749403987,"Q + gaze",1339.61009225492
10,1816.0602,958.785218638435,50,135.592705960133,1951.65290596013,1680.46749403987,"softmax(Q)",1435.07800204125
10,1816.0602,958.785218638435,50,135.592705960133,1951.65290596013,1680.46749403987,"softmax(Q * gaze)",1330.58754060823
10,1816.0602,958.785218638435,50,135.592705960133,1951.65290596013,1680.46749403987,"softmax(Q) * gaze",1479.47257664718
10,1816.0602,958.785218638435,50,135.592705960133,1951.65290596013,1680.46749403987,"softmax(Q) + gaze",1397.17798891505
10,1816.0602,958.785218638435,50,135.592705960133,1951.65290596013,1680.46749403987,"softmax(Q + gaze)",1406.40792149394
11,1825.2656,832.906097101233,50,117.790709870381,1943.05630987038,1707.47489012962,"Q",1409.56478359972
11,1825.2656,832.906097101233,50,117.790709870381,1943.05630987038,1707.47489012962,"Q * gaze",1488.48145437123
11,1825.2656,832.906097101233,50,117.790709870381,1943.05630987038,1707.47489012962,"Q + gaze",1359.3150397544
11,1825.2656,832.906097101233,50,117.790709870381,1943.05630987038,1707.47489012962,"softmax(Q)",1435.61429666175
11,1825.2656,832.906097101233,50,117.790709870381,1943.05630987038,1707.47489012962,"softmax(Q * gaze)",1346.5894371503
11,1825.2656,832.906097101233,50,117.790709870381,1943.05630987038,1707.47489012962,"softmax(Q) * gaze",1543.44832731938
11,1825.2656,832.906097101233,50,117.790709870381,1943.05630987038,1707.47489012962,"softmax(Q) + gaze",1398.6552171978
11,1825.2656,832.906097101233,50,117.790709870381,1943.05630987038,1707.47489012962,"softmax(Q + gaze)",1431.47745745335
12,1736.9062,1058.25051887806,50,149.659223618571,1886.56542361857,1587.24697638143,"Q",1404.47749573869
12,1736.9062,1058.25051887806,50,149.659223618571,1886.56542361857,1587.24697638143,"Q * gaze",1483.5309215594
12,1736.9062,1058.25051887806,50,149.659223618571,1886.56542361857,1587.24697638143,"Q + gaze",1393.41514674745
12,1736.9062,1058.25051887806,50,149.659223618571,1886.56542361857,1587.24697638143,"softmax(Q)",1418.46470474134
12,1736.9062,1058.25051887806,50,149.659223618571,1886.56542361857,1587.24697638143,"softmax(Q * gaze)",1381.48938468516
12,1736.9062,1058.25051887806,50,149.659223618571,1886.56542361857,1587.24697638143,"softmax(Q) * gaze",1550.73923270222
12,1736.9062,1058.25051887806,50,149.659223618571,1886.56542361857,1587.24697638143,"softmax(Q) + gaze",1398.91405566491
12,1736.9062,1058.25051887806,50,149.659223618571,1886.56542361857,1587.24697638143,"softmax(Q + gaze)",1428.18405756565
13,2010.7256,1170.39393325698,50,165.518697373121,2176.24429737312,1845.20690262688,"Q",1401.37809966928
13,2010.7256,1170.39393325698,50,165.518697373121,2176.24429737312,1845.20690262688,"Q * gaze",1520.65116080729
13,2010.7256,1170.39393325698,50,165.518697373121,2176.24429737312,1845.20690262688,"Q + gaze",1362.96694331083
13,2010.7256,1170.39393325698,50,165.518697373121,2176.24429737312,1845.20690262688,"softmax(Q)",1443.98237821639
13,2010.7256,1170.39393325698,50,165.518697373121,2176.24429737312,1845.20690262688,"softmax(Q * gaze)",1369.58947635076
13,2010.7256,1170.39393325698,50,165.518697373121,2176.24429737312,1845.20690262688,"softmax(Q) * gaze",1531.46681586219
13,2010.7256,1170.39393325698,50,165.518697373121,2176.24429737312,1845.20690262688,"softmax(Q) + gaze",1393.4265058519
13,2010.7256,1170.39393325698,50,165.518697373121,2176.24429737312,1845.20690262688,"softmax(Q + gaze)",1388.69258597781
14,1873.7256,1019.13871746158,50,144.127979617368,2017.85357961737,1729.59762038263,"Q",1395.52151741822
14,1873.7256,1019.13871746158,50,144.127979617368,2017.85357961737,1729.59762038263,"Q * gaze",1474.19117984064
14,1873.7256,1019.13871746158,50,144.127979617368,2017.85357961737,1729.59762038263,"Q + gaze",1343.95595785424
14,1873.7256,1019.13871746158,50,144.127979617368,2017.85357961737,1729.59762038263,"softmax(Q)",1412.30008827485
14,1873.7256,1019.13871746158,50,144.127979617368,2017.85357961737,1729.59762038263,"softmax(Q * gaze)",1343.64463655855
14,1873.7256,1019.13871746158,50,144.127979617368,2017.85357961737,1729.59762038263,"softmax(Q) * gaze",1514.09179158193
14,1873.7256,1019.13871746158,50,144.127979617368,2017.85357961737,1729.59762038263,"softmax(Q) + gaze",1392.66403396412
14,1873.7256,1019.13871746158,50,144.127979617368,2017.85357961737,1729.59762038263,"softmax(Q + gaze)",1396.7862079352
15,1812.245,1214.57408907739,50,171.766714928019,1984.01171492802,1640.47828507198,"Q",1379.58597535921
15,1812.245,1214.57408907739,50,171.766714928019,1984.01171492802,1640.47828507198,"Q * gaze",1528.03685659891
15,1812.245,1214.57408907739,50,171.766714928019,1984.01171492802,1640.47828507198,"Q + gaze",1377.67602577658
15,1812.245,1214.57408907739,50,171.766714928019,1984.01171492802,1640.47828507198,"softmax(Q)",1402.1887612126
15,1812.245,1214.57408907739,50,171.766714928019,1984.01171492802,1640.47828507198,"softmax(Q * gaze)",1406.06893599338
15,1812.245,1214.57408907739,50,171.766714928019,1984.01171492802,1640.47828507198,"softmax(Q) * gaze",1544.21152286801
15,1812.245,1214.57408907739,50,171.766714928019,1984.01171492802,1640.47828507198,"softmax(Q) + gaze",1430.4862772881
15,1812.245,1214.57408907739,50,171.766714928019,1984.01171492802,1640.47828507198,"softmax(Q + gaze)",1423.08023263987
16,1734.9286,960.641556745792,50,135.85523181291,1870.78383181291,1599.07336818709,"Q",1364.01343353717
16,1734.9286,960.641556745792,50,135.85523181291,1870.78383181291,1599.07336818709,"Q * gaze",1481.26816796373
16,1734.9286,960.641556745792,50,135.85523181291,1870.78383181291,1599.07336818709,"Q + gaze",1355.28856860477
16,1734.9286,960.641556745792,50,135.85523181291,1870.78383181291,1599.07336818709,"softmax(Q)",1421.68940214794
16,1734.9286,960.641556745792,50,135.85523181291,1870.78383181291,1599.07336818709,"softmax(Q * gaze)",1381.52846371547
16,1734.9286,960.641556745792,50,135.85523181291,1870.78383181291,1599.07336818709,"softmax(Q) * gaze",1529.00445504834
16,1734.9286,960.641556745792,50,135.85523181291,1870.78383181291,1599.07336818709,"softmax(Q) + gaze",1375.02358964458
16,1734.9286,960.641556745792,50,135.85523181291,1870.78383181291,1599.07336818709,"softmax(Q + gaze)",1393.83165460613
17,1774.1066,1038.6698565043,50,146.890099789649,1920.99669978965,1627.21650021035,"Q",1363.79018384502
17,1774.1066,1038.6698565043,50,146.890099789649,1920.99669978965,1627.21650021035,"Q * gaze",1443.08413699285
17,1774.1066,1038.6698565043,50,146.890099789649,1920.99669978965,1627.21650021035,"Q + gaze",1337.71323642329
17,1774.1066,1038.6698565043,50,146.890099789649,1920.99669978965,1627.21650021035,"softmax(Q)",1405.91849138772
17,1774.1066,1038.6698565043,50,146.890099789649,1920.99669978965,1627.21650021035,"softmax(Q * gaze)",1336.37917029803
17,1774.1066,1038.6698565043,50,146.890099789649,1920.99669978965,1627.21650021035,"softmax(Q) * gaze",1442.79798267992
17,1774.1066,1038.6698565043,50,146.890099789649,1920.99669978965,1627.21650021035,"softmax(Q) + gaze",1373.05248748699
17,1774.1066,1038.6698565043,50,146.890099789649,1920.99669978965,1627.21650021035,"softmax(Q + gaze)",1384.22636531084
18,1664.2166,1020.89798907051,50,144.376778194293,1808.59337819429,1519.83982180571,"Q",1372.63496811449
18,1664.2166,1020.89798907051,50,144.376778194293,1808.59337819429,1519.83982180571,"Q * gaze",1496.84253495222
18,1664.2166,1020.89798907051,50,144.376778194293,1808.59337819429,1519.83982180571,"Q + gaze",1354.05400770159
18,1664.2166,1020.89798907051,50,144.376778194293,1808.59337819429,1519.83982180571,"softmax(Q)",1413.08007470122
18,1664.2166,1020.89798907051,50,144.376778194293,1808.59337819429,1519.83982180571,"softmax(Q * gaze)",1366.58024456943
18,1664.2166,1020.89798907051,50,144.376778194293,1808.59337819429,1519.83982180571,"softmax(Q) * gaze",1540.37876892265
18,1664.2166,1020.89798907051,50,144.376778194293,1808.59337819429,1519.83982180571,"softmax(Q) + gaze",1385.61528037634
18,1664.2166,1020.89798907051,50,144.376778194293,1808.59337819429,1519.83982180571,"softmax(Q + gaze)",1412.99816026921
19,1852.1072,1145.51200530689,50,161.99986137662,2014.10706137662,1690.10733862338,"Q",1374.29681902217
19,1852.1072,1145.51200530689,50,161.99986137662,2014.10706137662,1690.10733862338,"Q * gaze",1435.68815039557
19,1852.1072,1145.51200530689,50,161.99986137662,2014.10706137662,1690.10733862338,"Q + gaze",1328.28931257874
19,1852.1072,1145.51200530689,50,161.99986137662,2014.10706137662,1690.10733862338,"softmax(Q)",1366.08145429425
19,1852.1072,1145.51200530689,50,161.99986137662,2014.10706137662,1690.10733862338,"softmax(Q * gaze)",1358.2514691503
19,1852.1072,1145.51200530689,50,161.99986137662,2014.10706137662,1690.10733862338,"softmax(Q) * gaze",1464.62181893555
19,1852.1072,1145.51200530689,50,161.99986137662,2014.10706137662,1690.10733862338,"softmax(Q) + gaze",1367.72724672869
19,1852.1072,1145.51200530689,50,161.99986137662,2014.10706137662,1690.10733862338,"softmax(Q + gaze)",1366.51644329332
20,1513.1276,959.967892264005,50,135.759961268247,1648.88756126825,1377.36763873175,"Q",1362.52622015992
20,1513.1276,959.967892264005,50,135.759961268247,1648.88756126825,1377.36763873175,"Q * gaze",1439.94316291948
20,1513.1276,959.967892264005,50,135.759961268247,1648.88756126825,1377.36763873175,"Q + gaze",1352.70913838527
20,1513.1276,959.967892264005,50,135.759961268247,1648.88756126825,1377.36763873175,"softmax(Q)",1391.71971511013
20,1513.1276,959.967892264005,50,135.759961268247,1648.88756126825,1377.36763873175,"softmax(Q * gaze)",1358.56102230156
20,1513.1276,959.967892264005,50,135.759961268247,1648.88756126825,1377.36763873175,"softmax(Q) * gaze",1503.51358903346
20,1513.1276,959.967892264005,50,135.759961268247,1648.88756126825,1377.36763873175,"softmax(Q) + gaze",1374.44550153062
20,1513.1276,959.967892264005,50,135.759961268247,1648.88756126825,1377.36763873175,"softmax(Q + gaze)",1368.47004057783
21,1701.00734693878,924.050169213807,49,132.007167030544,1833.01451396932,1569.00017990823,"Q",1345.09136803938
21,1701.00734693878,924.050169213807,49,132.007167030544,1833.01451396932,1569.00017990823,"Q * gaze",1429.20810963299
21,1701.00734693878,924.050169213807,49,132.007167030544,1833.01451396932,1569.00017990823,"Q + gaze",1327.66084638315
21,1701.00734693878,924.050169213807,49,132.007167030544,1833.01451396932,1569.00017990823,"softmax(Q)",1365.62528165656
21,1701.00734693878,924.050169213807,49,132.007167030544,1833.01451396932,1569.00017990823,"softmax(Q * gaze)",1328.77364705553
21,1701.00734693878,924.050169213807,49,132.007167030544,1833.01451396932,1569.00017990823,"softmax(Q) * gaze",1516.44202656166
21,1701.00734693878,924.050169213807,49,132.007167030544,1833.01451396932,1569.00017990823,"softmax(Q) + gaze",1369.07667701743
21,1701.00734693878,924.050169213807,49,132.007167030544,1833.01451396932,1569.00017990823,"softmax(Q + gaze)",1368.67765415879
22,1604.1102,956.287099805838,50,135.239418606785,1739.34961860679,1468.87078139322,"Q",1378.97866607536
22,1604.1102,956.287099805838,50,135.239418606785,1739.34961860679,1468.87078139322,"Q * gaze",1489.84380909792
22,1604.1102,956.287099805838,50,135.239418606785,1739.34961860679,1468.87078139322,"Q + gaze",1362.01316722294
22,1604.1102,956.287099805838,50,135.239418606785,1739.34961860679,1468.87078139322,"softmax(Q)",1387.86087626939
22,1604.1102,956.287099805838,50,135.239418606785,1739.34961860679,1468.87078139322,"softmax(Q * gaze)",1349.26580766627
22,1604.1102,956.287099805838,50,135.239418606785,1739.34961860679,1468.87078139322,"softmax(Q) * gaze",1505.89952444265
22,1604.1102,956.287099805838,50,135.239418606785,1739.34961860679,1468.87078139322,"softmax(Q) + gaze",1382.18447978638
22,1604.1102,956.287099805838,50,135.239418606785,1739.34961860679,1468.87078139322,"softmax(Q + gaze)",1375.56950136269
23,1549.7378,810.110691719297,50,114.566952725288,1664.30475272529,1435.17084727471,"Q",1370.83721882754
23,1549.7378,810.110691719297,50,114.566952725288,1664.30475272529,1435.17084727471,"Q * gaze",1451.33666755282
23,1549.7378,810.110691719297,50,114.566952725288,1664.30475272529,1435.17084727471,"Q + gaze",1308.2255558778
23,1549.7378,810.110691719297,50,114.566952725288,1664.30475272529,1435.17084727471,"softmax(Q)",1388.82884150762
23,1549.7378,810.110691719297,50,114.566952725288,1664.30475272529,1435.17084727471,"softmax(Q * gaze)",1326.5484716672
23,1549.7378,810.110691719297,50,114.566952725288,1664.30475272529,1435.17084727471,"softmax(Q) * gaze",1459.00756935117
23,1549.7378,810.110691719297,50,114.566952725288,1664.30475272529,1435.17084727471,"softmax(Q) + gaze",1347.90591172166
23,1549.7378,810.110691719297,50,114.566952725288,1664.30475272529,1435.17084727471,"softmax(Q + gaze)",1348.56805107949
24,1504.3764,847.852352273769,50,119.90442954755,1624.28082954755,1384.47197045245,"Q",1357.33476261383
24,1504.3764,847.852352273769,50,119.90442954755,1624.28082954755,1384.47197045245,"Q * gaze",1386.07167203575
24,1504.3764,847.852352273769,50,119.90442954755,1624.28082954755,1384.47197045245,"Q + gaze",1336.73592346932
24,1504.3764,847.852352273769,50,119.90442954755,1624.28082954755,1384.47197045245,"softmax(Q)",1383.7422330069
24,1504.3764,847.852352273769,50,119.90442954755,1624.28082954755,1384.47197045245,"softmax(Q * gaze)",1303.31422473598
24,1504.3764,847.852352273769,50,119.90442954755,1624.28082954755,1384.47197045245,"softmax(Q) * gaze",1394.66720098074
24,1504.3764,847.852352273769,50,119.90442954755,1624.28082954755,1384.47197045245,"softmax(Q) + gaze",1354.14758523909
24,1504.3764,847.852352273769,50,119.90442954755,1624.28082954755,1384.47197045245,"softmax(Q + gaze)",1357.81131078684
25,1544.6128,867.884820586375,50,122.737448385099,1667.3502483851,1421.8753516149,"Q",1356.59355111416
25,1544.6128,867.884820586375,50,122.737448385099,1667.3502483851,1421.8753516149,"Q * gaze",1421.83461872031
25,1544.6128,867.884820586375,50,122.737448385099,1667.3502483851,1421.8753516149,"Q + gaze",1324.67188593995
25,1544.6128,867.884820586375,50,122.737448385099,1667.3502483851,1421.8753516149,"softmax(Q)",1375.34422716427
25,1544.6128,867.884820586375,50,122.737448385099,1667.3502483851,1421.8753516149,"softmax(Q * gaze)",1338.36648343931
25,1544.6128,867.884820586375,50,122.737448385099,1667.3502483851,1421.8753516149,"softmax(Q) * gaze",1411.43765556476
25,1544.6128,867.884820586375,50,122.737448385099,1667.3502483851,1421.8753516149,"softmax(Q) + gaze",1306.41977200827
25,1544.6128,867.884820586375,50,122.737448385099,1667.3502483851,1421.8753516149,"softmax(Q + gaze)",1351.53182240552
26,1584.8492,810.000093736049,50,114.5513118085,1699.4005118085,1470.2978881915,"Q",1360.13852409584
26,1584.8492,810.000093736049,50,114.5513118085,1699.4005118085,1470.2978881915,"Q * gaze",1449.27618572253
26,1584.8492,810.000093736049,50,114.5513118085,1699.4005118085,1470.2978881915,"Q + gaze",1356.01157908912
26,1584.8492,810.000093736049,50,114.5513118085,1699.4005118085,1470.2978881915,"softmax(Q)",1376.8235336437
26,1584.8492,810.000093736049,50,114.5513118085,1699.4005118085,1470.2978881915,"softmax(Q * gaze)",1321.95451104632
26,1584.8492,810.000093736049,50,114.5513118085,1699.4005118085,1470.2978881915,"softmax(Q) * gaze",1437.25766944781
26,1584.8492,810.000093736049,50,114.5513118085,1699.4005118085,1470.2978881915,"softmax(Q) + gaze",1373.85661275417
26,1584.8492,810.000093736049,50,114.5513118085,1699.4005118085,1470.2978881915,"softmax(Q + gaze)",1337.29919593329
27,1597.9876,1133.39869441259,50,160.286780521424,1758.27438052142,1437.70081947858,"Q",1364.02729258008
27,1597.9876,1133.39869441259,50,160.286780521424,1758.27438052142,1437.70081947858,"Q * gaze",1382.67246490687
27,1597.9876,1133.39869441259,50,160.286780521424,1758.27438052142,1437.70081947858,"Q + gaze",1324.56738522091
27,1597.9876,1133.39869441259,50,160.286780521424,1758.27438052142,1437.70081947858,"softmax(Q)",1343.48371845819
27,1597.9876,1133.39869441259,50,160.286780521424,1758.27438052142,1437.70081947858,"softmax(Q * gaze)",1334.53839361109
27,1597.9876,1133.39869441259,50,160.286780521424,1758.27438052142,1437.70081947858,"softmax(Q) * gaze",1385.08812847386
27,1597.9876,1133.39869441259,50,160.286780521424,1758.27438052142,1437.70081947858,"softmax(Q) + gaze",1327.78048192415
27,1597.9876,1133.39869441259,50,160.286780521424,1758.27438052142,1437.70081947858,"softmax(Q + gaze)",1325.51010580944
28,1527.77081632653,795.472842959972,49,113.63897756571,1641.40979389224,1414.13183876082,"Q",1332.12335718988
28,1527.77081632653,795.472842959972,49,113.63897756571,1641.40979389224,1414.13183876082,"Q * gaze",1474.76003919
28,1527.77081632653,795.472842959972,49,113.63897756571,1641.40979389224,1414.13183876082,"Q + gaze",1337.91103072699
28,1527.77081632653,795.472842959972,49,113.63897756571,1641.40979389224,1414.13183876082,"softmax(Q)",1372.97327169394
28,1527.77081632653,795.472842959972,49,113.63897756571,1641.40979389224,1414.13183876082,"softmax(Q * gaze)",1323.9757996653
28,1527.77081632653,795.472842959972,49,113.63897756571,1641.40979389224,1414.13183876082,"softmax(Q) * gaze",1501.90212033304
28,1527.77081632653,795.472842959972,49,113.63897756571,1641.40979389224,1414.13183876082,"softmax(Q) + gaze",1347.88686065683
28,1527.77081632653,795.472842959972,49,113.63897756571,1641.40979389224,1414.13183876082,"softmax(Q + gaze)",1343.42468625696
29,1341.4678,688.879290466651,50,97.4222435415893,1438.89004354159,1244.04555645841,"Q",1317.9160338839
29,1341.4678,688.879290466651,50,97.4222435415893,1438.89004354159,1244.04555645841,"Q * gaze",1374.21077292022
29,1341.4678,688.879290466651,50,97.4222435415893,1438.89004354159,1244.04555645841,"Q + gaze",1289.74849665542
29,1341.4678,688.879290466651,50,97.4222435415893,1438.89004354159,1244.04555645841,"softmax(Q)",1354.25632434147
29,1341.4678,688.879290466651,50,97.4222435415893,1438.89004354159,1244.04555645841,"softmax(Q * gaze)",1294.27514202865
29,1341.4678,688.879290466651,50,97.4222435415893,1438.89004354159,1244.04555645841,"softmax(Q) * gaze",1358.70044484583
29,1341.4678,688.879290466651,50,97.4222435415893,1438.89004354159,1244.04555645841,"softmax(Q) + gaze",1316.18014424831
29,1341.4678,688.879290466651,50,97.4222435415893,1438.89004354159,1244.04555645841,"softmax(Q + gaze)",1330.87900779294
30,1354.5752,740.265691804101,50,104.689378110886,1459.26457811089,1249.88582188911,"Q",1364.76074055675
30,1354.5752,740.265691804101,50,104.689378110886,1459.26457811089,1249.88582188911,"Q * gaze",1511.04926648871
30,1354.5752,740.265691804101,50,104.689378110886,1459.26457811089,1249.88582188911,"Q + gaze",1318.7633908161
30,1354.5752,740.265691804101,50,104.689378110886,1459.26457811089,1249.88582188911,"softmax(Q)",1354.28951399618
30,1354.5752,740.265691804101,50,104.689378110886,1459.26457811089,1249.88582188911,"softmax(Q * gaze)",1324.75153549584
30,1354.5752,740.265691804101,50,104.689378110886,1459.26457811089,1249.88582188911,"softmax(Q) * gaze",1486.35959666634
30,1354.5752,740.265691804101,50,104.689378110886,1459.26457811089,1249.88582188911,"softmax(Q) + gaze",1355.9030356081
30,1354.5752,740.265691804101,50,104.689378110886,1459.26457811089,1249.88582188911,"softmax(Q + gaze)",1357.76094796422
31,1461.2274,907.173105412025,50,128.29365090938,1589.52105090938,1332.93374909062,"Q",1341.92171380425
31,1461.2274,907.173105412025,50,128.29365090938,1589.52105090938,1332.93374909062,"Q * gaze",1471.81407103714
31,1461.2274,907.173105412025,50,128.29365090938,1589.52105090938,1332.93374909062,"Q + gaze",1330.68970841691
31,1461.2274,907.173105412025,50,128.29365090938,1589.52105090938,1332.93374909062,"softmax(Q)",1337.33220476175
31,1461.2274,907.173105412025,50,128.29365090938,1589.52105090938,1332.93374909062,"softmax(Q * gaze)",1314.0907874642
31,1461.2274,907.173105412025,50,128.29365090938,1589.52105090938,1332.93374909062,"softmax(Q) * gaze",1519.30345406743
31,1461.2274,907.173105412025,50,128.29365090938,1589.52105090938,1332.93374909062,"softmax(Q) + gaze",1336.96606704557
31,1461.2274,907.173105412025,50,128.29365090938,1589.52105090938,1332.93374909062,"softmax(Q + gaze)",1346.58870810022
32,1452.7004,928.182327008689,50,131.264803521071,1583.96520352107,1321.43559647893,"Q",1381.82671322697
32,1452.7004,928.182327008689,50,131.264803521071,1583.96520352107,1321.43559647893,"Q * gaze",1504.25016507684
32,1452.7004,928.182327008689,50,131.264803521071,1583.96520352107,1321.43559647893,"Q + gaze",1366.91862036812
32,1452.7004,928.182327008689,50,131.264803521071,1583.96520352107,1321.43559647893,"softmax(Q)",1340.09167525927
32,1452.7004,928.182327008689,50,131.264803521071,1583.96520352107,1321.43559647893,"softmax(Q * gaze)",1310.02363972775
32,1452.7004,928.182327008689,50,131.264803521071,1583.96520352107,1321.43559647893,"softmax(Q) * gaze",1506.73160198276
32,1452.7004,928.182327008689,50,131.264803521071,1583.96520352107,1321.43559647893,"softmax(Q) + gaze",1357.47152734822
32,1452.7004,928.182327008689,50,131.264803521071,1583.96520352107,1321.43559647893,"softmax(Q + gaze)",1364.13518883913
33,1405.3758,866.11100644317,50,122.486593183254,1527.86239318325,1282.88920681675,"Q",1359.41059266352
33,1405.3758,866.11100644317,50,122.486593183254,1527.86239318325,1282.88920681675,"Q * gaze",1420.0427713591
33,1405.3758,866.11100644317,50,122.486593183254,1527.86239318325,1282.88920681675,"Q + gaze",1331.00374422779
33,1405.3758,866.11100644317,50,122.486593183254,1527.86239318325,1282.88920681675,"softmax(Q)",1362.52758074373
33,1405.3758,866.11100644317,50,122.486593183254,1527.86239318325,1282.88920681675,"softmax(Q * gaze)",1301.4921581585
33,1405.3758,866.11100644317,50,122.486593183254,1527.86239318325,1282.88920681675,"softmax(Q) * gaze",1425.37982187028
33,1405.3758,866.11100644317,50,122.486593183254,1527.86239318325,1282.88920681675,"softmax(Q) + gaze",1338.62444194806
33,1405.3758,866.11100644317,50,122.486593183254,1527.86239318325,1282.88920681675,"softmax(Q + gaze)",1328.35686208037
34,1330.1386,753.279898419775,50,106.529864860827,1436.66846486083,1223.60873513917,"Q",1370.94480285194
34,1330.1386,753.279898419775,50,106.529864860827,1436.66846486083,1223.60873513917,"Q * gaze",1359.28454245296
34,1330.1386,753.279898419775,50,106.529864860827,1436.66846486083,1223.60873513917,"Q + gaze",1315.2793246172
34,1330.1386,753.279898419775,50,106.529864860827,1436.66846486083,1223.60873513917,"softmax(Q)",1343.75326946797
34,1330.1386,753.279898419775,50,106.529864860827,1436.66846486083,1223.60873513917,"softmax(Q * gaze)",1262.01927242303
34,1330.1386,753.279898419775,50,106.529864860827,1436.66846486083,1223.60873513917,"softmax(Q) * gaze",1388.37125347472
34,1330.1386,753.279898419775,50,106.529864860827,1436.66846486083,1223.60873513917,"softmax(Q) + gaze",1342.76952133491
34,1330.1386,753.279898419775,50,106.529864860827,1436.66846486083,1223.60873513917,"softmax(Q + gaze)",1314.72302991359
35,1402.92979591837,685.660895266657,49,97.9515564666653,1500.88135238503,1304.9782394517,"Q",1329.76830902133
35,1402.92979591837,685.660895266657,49,97.9515564666653,1500.88135238503,1304.9782394517,"Q * gaze",1441.47436183685
35,1402.92979591837,685.660895266657,49,97.9515564666653,1500.88135238503,1304.9782394517,"Q + gaze",1316.22499157848
35,1402.92979591837,685.660895266657,49,97.9515564666653,1500.88135238503,1304.9782394517,"softmax(Q)",1343.96756133853
35,1402.92979591837,685.660895266657,49,97.9515564666653,1500.88135238503,1304.9782394517,"softmax(Q * gaze)",1310.78322444147
35,1402.92979591837,685.660895266657,49,97.9515564666653,1500.88135238503,1304.9782394517,"softmax(Q) * gaze",1453.03460303865
35,1402.92979591837,685.660895266657,49,97.9515564666653,1500.88135238503,1304.9782394517,"softmax(Q) + gaze",1308.74211058033
35,1402.92979591837,685.660895266657,49,97.9515564666653,1500.88135238503,1304.9782394517,"softmax(Q + gaze)",1339.82241107043
36,1252.8154,645.107016558572,50,91.2319091999178,1344.04730919992,1161.58349080008,"Q",1306.26762254622
36,1252.8154,645.107016558572,50,91.2319091999178,1344.04730919992,1161.58349080008,"Q * gaze",1333.16282189942
36,1252.8154,645.107016558572,50,91.2319091999178,1344.04730919992,1161.58349080008,"Q + gaze",1293.84387039327
36,1252.8154,645.107016558572,50,91.2319091999178,1344.04730919992,1161.58349080008,"softmax(Q)",1346.66108233098
36,1252.8154,645.107016558572,50,91.2319091999178,1344.04730919992,1161.58349080008,"softmax(Q * gaze)",1291.21796432964
36,1252.8154,645.107016558572,50,91.2319091999178,1344.04730919992,1161.58349080008,"softmax(Q) * gaze",1354.67997965799
36,1252.8154,645.107016558572,50,91.2319091999178,1344.04730919992,1161.58349080008,"softmax(Q) + gaze",1281.43097654498
36,1252.8154,645.107016558572,50,91.2319091999178,1344.04730919992,1161.58349080008,"softmax(Q + gaze)",1307.86978391174
37,1239.2184,666.844942103959,50,94.306116112332,1333.52451611233,1144.91228388767,"Q",1369.15728457244
37,1239.2184,666.844942103959,50,94.306116112332,1333.52451611233,1144.91228388767,"Q * gaze",1372.27012318816
37,1239.2184,666.844942103959,50,94.306116112332,1333.52451611233,1144.91228388767,"Q + gaze",1289.30681399891
37,1239.2184,666.844942103959,50,94.306116112332,1333.52451611233,1144.91228388767,"softmax(Q)",1341.03736681763
37,1239.2184,666.844942103959,50,94.306116112332,1333.52451611233,1144.91228388767,"softmax(Q * gaze)",1292.45141170391
37,1239.2184,666.844942103959,50,94.306116112332,1333.52451611233,1144.91228388767,"softmax(Q) * gaze",1352.21124341375
37,1239.2184,666.844942103959,50,94.306116112332,1333.52451611233,1144.91228388767,"softmax(Q) + gaze",1309.33191474113
37,1239.2184,666.844942103959,50,94.306116112332,1333.52451611233,1144.91228388767,"softmax(Q + gaze)",1312.77873885548
38,1402.282,777.197659992591,50,109.912347140616,1512.19434714062,1292.36965285938,"Q",1350.01168774305
38,1402.282,777.197659992591,50,109.912347140616,1512.19434714062,1292.36965285938,"Q * gaze",1440.43933337674
38,1402.282,777.197659992591,50,109.912347140616,1512.19434714062,1292.36965285938,"Q + gaze",1337.25992060408
38,1402.282,777.197659992591,50,109.912347140616,1512.19434714062,1292.36965285938,"softmax(Q)",1309.85354522088
38,1402.282,777.197659992591,50,109.912347140616,1512.19434714062,1292.36965285938,"softmax(Q * gaze)",1282.00078011188
38,1402.282,777.197659992591,50,109.912347140616,1512.19434714062,1292.36965285938,"softmax(Q) * gaze",1402.64271231488
38,1402.282,777.197659992591,50,109.912347140616,1512.19434714062,1292.36965285938,"softmax(Q) + gaze",1289.01933535674
38,1402.282,777.197659992591,50,109.912347140616,1512.19434714062,1292.36965285938,"softmax(Q + gaze)",1305.29153967802
39,1506.6074,1188.32066956592,50,168.05392073484,1674.66132073484,1338.55347926516,"Q",1370.67143790519
39,1506.6074,1188.32066956592,50,168.05392073484,1674.66132073484,1338.55347926516,"Q * gaze",1459.67967657887
39,1506.6074,1188.32066956592,50,168.05392073484,1674.66132073484,1338.55347926516,"Q + gaze",1342.48144623417
39,1506.6074,1188.32066956592,50,168.05392073484,1674.66132073484,1338.55347926516,"softmax(Q)",1322.44220907696
39,1506.6074,1188.32066956592,50,168.05392073484,1674.66132073484,1338.55347926516,"softmax(Q * gaze)",1316.32220370353
39,1506.6074,1188.32066956592,50,168.05392073484,1674.66132073484,1338.55347926516,"softmax(Q) * gaze",1422.54911327997
39,1506.6074,1188.32066956592,50,168.05392073484,1674.66132073484,1338.55347926516,"softmax(Q) + gaze",1333.13660852903
39,1506.6074,1188.32066956592,50,168.05392073484,1674.66132073484,1338.55347926516,"softmax(Q + gaze)",1319.32549016924
40,1446.9144,865.108420894568,50,122.344806175227,1569.25920617523,1324.56959382477,"Q",1320.4255348434
40,1446.9144,865.108420894568,50,122.344806175227,1569.25920617523,1324.56959382477,"Q * gaze",1461.51490695071
40,1446.9144,865.108420894568,50,122.344806175227,1569.25920617523,1324.56959382477,"Q + gaze",1337.26760421657
40,1446.9144,865.108420894568,50,122.344806175227,1569.25920617523,1324.56959382477,"softmax(Q)",1345.759740618
40,1446.9144,865.108420894568,50,122.344806175227,1569.25920617523,1324.56959382477,"softmax(Q * gaze)",1367.24788784774
40,1446.9144,865.108420894568,50,122.344806175227,1569.25920617523,1324.56959382477,"softmax(Q) * gaze",1498.28859076922
40,1446.9144,865.108420894568,50,122.344806175227,1569.25920617523,1324.56959382477,"softmax(Q) + gaze",1352.23486429823
40,1446.9144,865.108420894568,50,122.344806175227,1569.25920617523,1324.56959382477,"softmax(Q + gaze)",1366.32999109035
41,1575.2238,1016.73614184921,50,143.788204115804,1719.0120041158,1431.4355958842,"Q",1342.26662513675
41,1575.2238,1016.73614184921,50,143.788204115804,1719.0120041158,1431.4355958842,"Q * gaze",1479.03272423314
41,1575.2238,1016.73614184921,50,143.788204115804,1719.0120041158,1431.4355958842,"Q + gaze",1344.13640573044
41,1575.2238,1016.73614184921,50,143.788204115804,1719.0120041158,1431.4355958842,"softmax(Q)",1344.03653174227
41,1575.2238,1016.73614184921,50,143.788204115804,1719.0120041158,1431.4355958842,"softmax(Q * gaze)",1312.26130213776
41,1575.2238,1016.73614184921,50,143.788204115804,1719.0120041158,1431.4355958842,"softmax(Q) * gaze",1444.45751333472
41,1575.2238,1016.73614184921,50,143.788204115804,1719.0120041158,1431.4355958842,"softmax(Q) + gaze",1326.85090426014
41,1575.2238,1016.73614184921,50,143.788204115804,1719.0120041158,1431.4355958842,"softmax(Q + gaze)",1319.47609137126
42,1409.5462,942.007284212683,50,133.219947718782,1542.76614771878,1276.32625228122,"Q",1327.03187528392
42,1409.5462,942.007284212683,50,133.219947718782,1542.76614771878,1276.32625228122,"Q * gaze",1376.73293331356
42,1409.5462,942.007284212683,50,133.219947718782,1542.76614771878,1276.32625228122,"Q + gaze",1289.24079597074
42,1409.5462,942.007284212683,50,133.219947718782,1542.76614771878,1276.32625228122,"softmax(Q)",1276.08371318505
42,1409.5462,942.007284212683,50,133.219947718782,1542.76614771878,1276.32625228122,"softmax(Q * gaze)",1279.63875218
42,1409.5462,942.007284212683,50,133.219947718782,1542.76614771878,1276.32625228122,"softmax(Q) * gaze",1368.00248596381
42,1409.5462,942.007284212683,50,133.219947718782,1542.76614771878,1276.32625228122,"softmax(Q) + gaze",1289.53100398216
42,1409.5462,942.007284212683,50,133.219947718782,1542.76614771878,1276.32625228122,"softmax(Q + gaze)",1271.82102695829
43,1371.09653061224,786.615179814626,49,112.373597116375,1483.47012772862,1258.72293349587,"Q",1362.20953519056
43,1371.09653061224,786.615179814626,49,112.373597116375,1483.47012772862,1258.72293349587,"Q * gaze",1438.53373370736
43,1371.09653061224,786.615179814626,49,112.373597116375,1483.47012772862,1258.72293349587,"Q + gaze",1337.23260270953
43,1371.09653061224,786.615179814626,49,112.373597116375,1483.47012772862,1258.72293349587,"softmax(Q)",1323.34468122231
43,1371.09653061224,786.615179814626,49,112.373597116375,1483.47012772862,1258.72293349587,"softmax(Q * gaze)",1328.44499547503
43,1371.09653061224,786.615179814626,49,112.373597116375,1483.47012772862,1258.72293349587,"softmax(Q) * gaze",1442.86884605424
43,1371.09653061224,786.615179814626,49,112.373597116375,1483.47012772862,1258.72293349587,"softmax(Q) + gaze",1315.05696169213
43,1371.09653061224,786.615179814626,49,112.373597116375,1483.47012772862,1258.72293349587,"softmax(Q + gaze)",1339.55917104543
44,1292.89163265306,725.581613352198,49,103.654516193171,1396.54614884623,1189.23711645989,"Q",1331.94625354027
44,1292.89163265306,725.581613352198,49,103.654516193171,1396.54614884623,1189.23711645989,"Q * gaze",1416.46401906199
44,1292.89163265306,725.581613352198,49,103.654516193171,1396.54614884623,1189.23711645989,"Q + gaze",1336.81820318298
44,1292.89163265306,725.581613352198,49,103.654516193171,1396.54614884623,1189.23711645989,"softmax(Q)",1313.70758550632
44,1292.89163265306,725.581613352198,49,103.654516193171,1396.54614884623,1189.23711645989,"softmax(Q * gaze)",1297.3312656773
44,1292.89163265306,725.581613352198,49,103.654516193171,1396.54614884623,1189.23711645989,"softmax(Q) * gaze",1445.86648111016
44,1292.89163265306,725.581613352198,49,103.654516193171,1396.54614884623,1189.23711645989,"softmax(Q) + gaze",1359.33331465175
44,1292.89163265306,725.581613352198,49,103.654516193171,1396.54614884623,1189.23711645989,"softmax(Q + gaze)",1302.92481964616
45,1230.76897959184,729.156573744181,49,104.165224820597,1334.93420441243,1126.60375477124,"Q",1325.09436903207
45,1230.76897959184,729.156573744181,49,104.165224820597,1334.93420441243,1126.60375477124,"Q * gaze",1437.3771566169
45,1230.76897959184,729.156573744181,49,104.165224820597,1334.93420441243,1126.60375477124,"Q + gaze",1298.54373487589
45,1230.76897959184,729.156573744181,49,104.165224820597,1334.93420441243,1126.60375477124,"softmax(Q)",1327.09340912292
45,1230.76897959184,729.156573744181,49,104.165224820597,1334.93420441243,1126.60375477124,"softmax(Q * gaze)",1315.56098554677
45,1230.76897959184,729.156573744181,49,104.165224820597,1334.93420441243,1126.60375477124,"softmax(Q) * gaze",1443.09109666302
45,1230.76897959184,729.156573744181,49,104.165224820597,1334.93420441243,1126.60375477124,"softmax(Q) + gaze",1298.17966078776
45,1230.76897959184,729.156573744181,49,104.165224820597,1334.93420441243,1126.60375477124,"softmax(Q + gaze)",1333.18603314287
46,1445.2048,1133.73995455395,50,160.335041993446,1605.53984199345,1284.86975800655,"Q",1351.79600037792
46,1445.2048,1133.73995455395,50,160.335041993446,1605.53984199345,1284.86975800655,"Q * gaze",1427.36720611594
46,1445.2048,1133.73995455395,50,160.335041993446,1605.53984199345,1284.86975800655,"Q + gaze",1335.77144855944
46,1445.2048,1133.73995455395,50,160.335041993446,1605.53984199345,1284.86975800655,"softmax(Q)",1303.96033244367
46,1445.2048,1133.73995455395,50,160.335041993446,1605.53984199345,1284.86975800655,"softmax(Q * gaze)",1299.26587922434
46,1445.2048,1133.73995455395,50,160.335041993446,1605.53984199345,1284.86975800655,"softmax(Q) * gaze",1396.48375973637
46,1445.2048,1133.73995455395,50,160.335041993446,1605.53984199345,1284.86975800655,"softmax(Q) + gaze",1293.97470855854
46,1445.2048,1133.73995455395,50,160.335041993446,1605.53984199345,1284.86975800655,"softmax(Q + gaze)",1285.34647555953
47,1409.6084,876.846349606244,50,124.004799973049,1533.61319997305,1285.60360002695,"Q",1306.0297224447
47,1409.6084,876.846349606244,50,124.004799973049,1533.61319997305,1285.60360002695,"Q * gaze",1451.02882023102
47,1409.6084,876.846349606244,50,124.004799973049,1533.61319997305,1285.60360002695,"Q + gaze",1290.22743450679
47,1409.6084,876.846349606244,50,124.004799973049,1533.61319997305,1285.60360002695,"softmax(Q)",1330.70224250824
47,1409.6084,876.846349606244,50,124.004799973049,1533.61319997305,1285.60360002695,"softmax(Q * gaze)",1296.75502973924
47,1409.6084,876.846349606244,50,124.004799973049,1533.61319997305,1285.60360002695,"softmax(Q) * gaze",1430.3753977671
47,1409.6084,876.846349606244,50,124.004799973049,1533.61319997305,1285.60360002695,"softmax(Q) + gaze",1308.89579017765
47,1409.6084,876.846349606244,50,124.004799973049,1533.61319997305,1285.60360002695,"softmax(Q + gaze)",1304.54951958446
48,1239.6062,853.862397182356,50,120.754378249569,1360.36057824957,1118.85182175043,"Q",1319.38839151872
48,1239.6062,853.862397182356,50,120.754378249569,1360.36057824957,1118.85182175043,"Q * gaze",1338.09213003757
48,1239.6062,853.862397182356,50,120.754378249569,1360.36057824957,1118.85182175043,"Q + gaze",1278.0588690294
48,1239.6062,853.862397182356,50,120.754378249569,1360.36057824957,1118.85182175043,"softmax(Q)",1295.59954501249
48,1239.6062,853.862397182356,50,120.754378249569,1360.36057824957,1118.85182175043,"softmax(Q * gaze)",1266.3366967217
48,1239.6062,853.862397182356,50,120.754378249569,1360.36057824957,1118.85182175043,"softmax(Q) * gaze",1339.02847780305
48,1239.6062,853.862397182356,50,120.754378249569,1360.36057824957,1118.85182175043,"softmax(Q) + gaze",1269.15478485502
48,1239.6062,853.862397182356,50,120.754378249569,1360.36057824957,1118.85182175043,"softmax(Q + gaze)",1277.39720101433
49,1240.8508,806.377747536349,50,114.039034696177,1354.88983469618,1126.81176530382,"Q",1329.16303286784
49,1240.8508,806.377747536349,50,114.039034696177,1354.88983469618,1126.81176530382,"Q * gaze",1389.93478090253
49,1240.8508,806.377747536349,50,114.039034696177,1354.88983469618,1126.81176530382,"Q + gaze",1287.0995288444
49,1240.8508,806.377747536349,50,114.039034696177,1354.88983469618,1126.81176530382,"softmax(Q)",1316.1158182996
49,1240.8508,806.377747536349,50,114.039034696177,1354.88983469618,1126.81176530382,"softmax(Q * gaze)",1278.70912871415
49,1240.8508,806.377747536349,50,114.039034696177,1354.88983469618,1126.81176530382,"softmax(Q) * gaze",1416.07533578215
49,1240.8508,806.377747536349,50,114.039034696177,1354.88983469618,1126.81176530382,"softmax(Q) + gaze",1292.13178683715
49,1240.8508,806.377747536349,50,114.039034696177,1354.88983469618,1126.81176530382,"softmax(Q + gaze)",1271.18723671536
50,1565.1184,1216.54323871983,50,172.045194741088,1737.16359474109,1393.07320525891,"Q",1268.56838925299
50,1565.1184,1216.54323871983,50,172.045194741088,1737.16359474109,1393.07320525891,"Q * gaze",1400.46031564029
50,1565.1184,1216.54323871983,50,172.045194741088,1737.16359474109,1393.07320525891,"Q + gaze",1252.10009575316
50,1565.1184,1216.54323871983,50,172.045194741088,1737.16359474109,1393.07320525891,"softmax(Q)",1306.40373364755
50,1565.1184,1216.54323871983,50,172.045194741088,1737.16359474109,1393.07320525891,"softmax(Q * gaze)",1293.5792514959
50,1565.1184,1216.54323871983,50,172.045194741088,1737.16359474109,1393.07320525891,"softmax(Q) * gaze",1391.0310882779
50,1565.1184,1216.54323871983,50,172.045194741088,1737.16359474109,1393.07320525891,"softmax(Q) + gaze",1297.36934093678
50,1565.1184,1216.54323871983,50,172.045194741088,1737.16359474109,1393.07320525891,"softmax(Q + gaze)",1290.56359008256
51,1502.6252,1459.8692550715,50,206.456689981362,1709.08188998136,1296.16851001864,"Q",1347.17068868316
51,1502.6252,1459.8692550715,50,206.456689981362,1709.08188998136,1296.16851001864,"Q * gaze",1442.65641821087
51,1502.6252,1459.8692550715,50,206.456689981362,1709.08188998136,1296.16851001864,"Q + gaze",1326.64653579233
51,1502.6252,1459.8692550715,50,206.456689981362,1709.08188998136,1296.16851001864,"softmax(Q)",1304.31634059444
51,1502.6252,1459.8692550715,50,206.456689981362,1709.08188998136,1296.16851001864,"softmax(Q * gaze)",1316.24455775421
51,1502.6252,1459.8692550715,50,206.456689981362,1709.08188998136,1296.16851001864,"softmax(Q) * gaze",1458.05463449759
51,1502.6252,1459.8692550715,50,206.456689981362,1709.08188998136,1296.16851001864,"softmax(Q) + gaze",1329.96420462767
51,1502.6252,1459.8692550715,50,206.456689981362,1709.08188998136,1296.16851001864,"softmax(Q + gaze)",1343.79104341872
52,1307.5084,727.082326187709,50,102.824968665644,1410.33336866564,1204.68343133436,"Q",1349.99817557888
52,1307.5084,727.082326187709,50,102.824968665644,1410.33336866564,1204.68343133436,"Q * gaze",1486.86256683375
52,1307.5084,727.082326187709,50,102.824968665644,1410.33336866564,1204.68343133436,"Q + gaze",1359.07811598569
52,1307.5084,727.082326187709,50,102.824968665644,1410.33336866564,1204.68343133436,"softmax(Q)",1306.92569356343
52,1307.5084,727.082326187709,50,102.824968665644,1410.33336866564,1204.68343133436,"softmax(Q * gaze)",1335.02914171688
52,1307.5084,727.082326187709,50,102.824968665644,1410.33336866564,1204.68343133436,"softmax(Q) * gaze",1506.16133012285
52,1307.5084,727.082326187709,50,102.824968665644,1410.33336866564,1204.68343133436,"softmax(Q) + gaze",1347.71574196214
52,1307.5084,727.082326187709,50,102.824968665644,1410.33336866564,1204.68343133436,"softmax(Q + gaze)",1298.47877266095
53,1352.26510204082,937.505152430558,49,133.92930749008,1486.1944095309,1218.33579455074,"Q",1370.62507247953
53,1352.26510204082,937.505152430558,49,133.92930749008,1486.1944095309,1218.33579455074,"Q * gaze",1447.9566683343
53,1352.26510204082,937.505152430558,49,133.92930749008,1486.1944095309,1218.33579455074,"Q + gaze",1339.64580948054
53,1352.26510204082,937.505152430558,49,133.92930749008,1486.1944095309,1218.33579455074,"softmax(Q)",1297.53545411754
53,1352.26510204082,937.505152430558,49,133.92930749008,1486.1944095309,1218.33579455074,"softmax(Q * gaze)",1276.61614775558
53,1352.26510204082,937.505152430558,49,133.92930749008,1486.1944095309,1218.33579455074,"softmax(Q) * gaze",1414.96704264141
53,1352.26510204082,937.505152430558,49,133.92930749008,1486.1944095309,1218.33579455074,"softmax(Q) + gaze",1300.52672348125
53,1352.26510204082,937.505152430558,49,133.92930749008,1486.1944095309,1218.33579455074,"softmax(Q + gaze)",1310.6638453715
54,1278.0968,621.167854781653,50,87.8464004742415,1365.94320047424,1190.25039952576,"Q",1341.48920483504
54,1278.0968,621.167854781653,50,87.8464004742415,1365.94320047424,1190.25039952576,"Q * gaze",1422.75017873256
54,1278.0968,621.167854781653,50,87.8464004742415,1365.94320047424,1190.25039952576,"Q + gaze",1316.32252218483
54,1278.0968,621.167854781653,50,87.8464004742415,1365.94320047424,1190.25039952576,"softmax(Q)",1309.16664627424
54,1278.0968,621.167854781653,50,87.8464004742415,1365.94320047424,1190.25039952576,"softmax(Q * gaze)",1315.87498698225
54,1278.0968,621.167854781653,50,87.8464004742415,1365.94320047424,1190.25039952576,"softmax(Q) * gaze",1369.72965361191
54,1278.0968,621.167854781653,50,87.8464004742415,1365.94320047424,1190.25039952576,"softmax(Q) + gaze",1286.52340802654
54,1278.0968,621.167854781653,50,87.8464004742415,1365.94320047424,1190.25039952576,"softmax(Q + gaze)",1280.94746588989
55,1271.71306122449,1022.12792990327,49,146.018275700468,1417.73133692496,1125.69478552402,"Q",1310.82005376789
55,1271.71306122449,1022.12792990327,49,146.018275700468,1417.73133692496,1125.69478552402,"Q * gaze",1402.1234130946
55,1271.71306122449,1022.12792990327,49,146.018275700468,1417.73133692496,1125.69478552402,"Q + gaze",1263.0304037295
55,1271.71306122449,1022.12792990327,49,146.018275700468,1417.73133692496,1125.69478552402,"softmax(Q)",1279.15088871322
55,1271.71306122449,1022.12792990327,49,146.018275700468,1417.73133692496,1125.69478552402,"softmax(Q * gaze)",1327.35901582819
55,1271.71306122449,1022.12792990327,49,146.018275700468,1417.73133692496,1125.69478552402,"softmax(Q) * gaze",1421.72975219745
55,1271.71306122449,1022.12792990327,49,146.018275700468,1417.73133692496,1125.69478552402,"softmax(Q) + gaze",1311.03119086853
55,1271.71306122449,1022.12792990327,49,146.018275700468,1417.73133692496,1125.69478552402,"softmax(Q + gaze)",1286.68082637061
56,1162.1906,640.584639485315,50,90.5923485008012,1252.7829485008,1071.5982514992,"Q",1322.46723650964
56,1162.1906,640.584639485315,50,90.5923485008012,1252.7829485008,1071.5982514992,"Q * gaze",1443.00653522242
56,1162.1906,640.584639485315,50,90.5923485008012,1252.7829485008,1071.5982514992,"Q + gaze",1298.59188637738
56,1162.1906,640.584639485315,50,90.5923485008012,1252.7829485008,1071.5982514992,"softmax(Q)",1294.89313239964
56,1162.1906,640.584639485315,50,90.5923485008012,1252.7829485008,1071.5982514992,"softmax(Q * gaze)",1286.43692253422
56,1162.1906,640.584639485315,50,90.5923485008012,1252.7829485008,1071.5982514992,"softmax(Q) * gaze",1501.55598243202
56,1162.1906,640.584639485315,50,90.5923485008012,1252.7829485008,1071.5982514992,"softmax(Q) + gaze",1304.8576182322
56,1162.1906,640.584639485315,50,90.5923485008012,1252.7829485008,1071.5982514992,"softmax(Q + gaze)",1298.41641980883
57,1410.8276,1070.79985430415,50,151.433967654407,1562.26156765441,1259.39363234559,"Q",1349.73142086402
57,1410.8276,1070.79985430415,50,151.433967654407,1562.26156765441,1259.39363234559,"Q * gaze",1445.32449893411
57,1410.8276,1070.79985430415,50,151.433967654407,1562.26156765441,1259.39363234559,"Q + gaze",1322.70221720685
57,1410.8276,1070.79985430415,50,151.433967654407,1562.26156765441,1259.39363234559,"softmax(Q)",1299.07621677823
57,1410.8276,1070.79985430415,50,151.433967654407,1562.26156765441,1259.39363234559,"softmax(Q * gaze)",1315.81617927627
57,1410.8276,1070.79985430415,50,151.433967654407,1562.26156765441,1259.39363234559,"softmax(Q) * gaze",1408.41762888581
57,1410.8276,1070.79985430415,50,151.433967654407,1562.26156765441,1259.39363234559,"softmax(Q) + gaze",1310.73205770148
57,1410.8276,1070.79985430415,50,151.433967654407,1562.26156765441,1259.39363234559,"softmax(Q + gaze)",1318.42268627489
58,1245.4642,811.110607651796,50,114.708362192585,1360.17256219259,1130.75583780741,"Q",1342.39093934275
58,1245.4642,811.110607651796,50,114.708362192585,1360.17256219259,1130.75583780741,"Q * gaze",1337.24699897361
58,1245.4642,811.110607651796,50,114.708362192585,1360.17256219259,1130.75583780741,"Q + gaze",1297.63916278679
58,1245.4642,811.110607651796,50,114.708362192585,1360.17256219259,1130.75583780741,"softmax(Q)",1272.64748242872
58,1245.4642,811.110607651796,50,114.708362192585,1360.17256219259,1130.75583780741,"softmax(Q * gaze)",1278.42135330833
58,1245.4642,811.110607651796,50,114.708362192585,1360.17256219259,1130.75583780741,"softmax(Q) * gaze",1310.37238636169
58,1245.4642,811.110607651796,50,114.708362192585,1360.17256219259,1130.75583780741,"softmax(Q) + gaze",1258.72401708805
58,1245.4642,811.110607651796,50,114.708362192585,1360.17256219259,1130.75583780741,"softmax(Q + gaze)",1272.10055407334
59,1193.6188,654.514459750906,50,92.562322574903,1286.1811225749,1101.0564774251,"Q",1370.76887862801
59,1193.6188,654.514459750906,50,92.562322574903,1286.1811225749,1101.0564774251,"Q * gaze",1479.15470622541
59,1193.6188,654.514459750906,50,92.562322574903,1286.1811225749,1101.0564774251,"Q + gaze",1316.52955017683
59,1193.6188,654.514459750906,50,92.562322574903,1286.1811225749,1101.0564774251,"softmax(Q)",1298.23798761218
59,1193.6188,654.514459750906,50,92.562322574903,1286.1811225749,1101.0564774251,"softmax(Q * gaze)",1305.35483570026
59,1193.6188,654.514459750906,50,92.562322574903,1286.1811225749,1101.0564774251,"softmax(Q) * gaze",1446.27149467968
59,1193.6188,654.514459750906,50,92.562322574903,1286.1811225749,1101.0564774251,"softmax(Q) + gaze",1277.81003589403
59,1193.6188,654.514459750906,50,92.562322574903,1286.1811225749,1101.0564774251,"softmax(Q + gaze)",1277.62046105172
60,1292.645,885.608294573479,50,125.243926113592,1417.88892611359,1167.40107388641,"Q",1344.47620999319
60,1292.645,885.608294573479,50,125.243926113592,1417.88892611359,1167.40107388641,"Q * gaze",1396.78855957228
60,1292.645,885.608294573479,50,125.243926113592,1417.88892611359,1167.40107388641,"Q + gaze",1299.6833176962
60,1292.645,885.608294573479,50,125.243926113592,1417.88892611359,1167.40107388641,"softmax(Q)",1263.8912164383
60,1292.645,885.608294573479,50,125.243926113592,1417.88892611359,1167.40107388641,"softmax(Q * gaze)",1282.79883585546
60,1292.645,885.608294573479,50,125.243926113592,1417.88892611359,1167.40107388641,"softmax(Q) * gaze",1369.71916770601
60,1292.645,885.608294573479,50,125.243926113592,1417.88892611359,1167.40107388641,"softmax(Q) + gaze",1277.88013755887
60,1292.645,885.608294573479,50,125.243926113592,1417.88892611359,1167.40107388641,"softmax(Q + gaze)",1314.85809275383
61,1216.5054,872.765390534675,50,123.427665206399,1339.9330652064,1093.0777347936,"Q",1392.14324552
61,1216.5054,872.765390534675,50,123.427665206399,1339.9330652064,1093.0777347936,"Q * gaze",1419.6828966389
61,1216.5054,872.765390534675,50,123.427665206399,1339.9330652064,1093.0777347936,"Q + gaze",1303.90710603603
61,1216.5054,872.765390534675,50,123.427665206399,1339.9330652064,1093.0777347936,"softmax(Q)",1285.65215798763
61,1216.5054,872.765390534675,50,123.427665206399,1339.9330652064,1093.0777347936,"softmax(Q * gaze)",1280.51040898779
61,1216.5054,872.765390534675,50,123.427665206399,1339.9330652064,1093.0777347936,"softmax(Q) * gaze",1400.71583010552
61,1216.5054,872.765390534675,50,123.427665206399,1339.9330652064,1093.0777347936,"softmax(Q) + gaze",1253.06886822141
61,1216.5054,872.765390534675,50,123.427665206399,1339.9330652064,1093.0777347936,"softmax(Q + gaze)",1302.19652575891
62,1379.1458,903.245050992932,50,127.738140126058,1506.88394012606,1251.40765987394,"Q",1269.7234203578
62,1379.1458,903.245050992932,50,127.738140126058,1506.88394012606,1251.40765987394,"Q * gaze",1302.00662337713
62,1379.1458,903.245050992932,50,127.738140126058,1506.88394012606,1251.40765987394,"Q + gaze",1248.88794583817
62,1379.1458,903.245050992932,50,127.738140126058,1506.88394012606,1251.40765987394,"softmax(Q)",1279.22422476487
62,1379.1458,903.245050992932,50,127.738140126058,1506.88394012606,1251.40765987394,"softmax(Q * gaze)",1280.73094773593
62,1379.1458,903.245050992932,50,127.738140126058,1506.88394012606,1251.40765987394,"softmax(Q) * gaze",1406.38897703971
62,1379.1458,903.245050992932,50,127.738140126058,1506.88394012606,1251.40765987394,"softmax(Q) + gaze",1238.33163653888
62,1379.1458,903.245050992932,50,127.738140126058,1506.88394012606,1251.40765987394,"softmax(Q + gaze)",1257.10520267463
63,1263.2692,793.71061629266,50,112.247631816059,1375.51683181606,1151.02156818394,"Q",1326.59459399532
63,1263.2692,793.71061629266,50,112.247631816059,1375.51683181606,1151.02156818394,"Q * gaze",1413.99761501438
63,1263.2692,793.71061629266,50,112.247631816059,1375.51683181606,1151.02156818394,"Q + gaze",1288.94435427733
63,1263.2692,793.71061629266,50,112.247631816059,1375.51683181606,1151.02156818394,"softmax(Q)",1290.22718698981
63,1263.2692,793.71061629266,50,112.247631816059,1375.51683181606,1151.02156818394,"softmax(Q * gaze)",1310.91179224651
63,1263.2692,793.71061629266,50,112.247631816059,1375.51683181606,1151.02156818394,"softmax(Q) * gaze",1432.81872612772
63,1263.2692,793.71061629266,50,112.247631816059,1375.51683181606,1151.02156818394,"softmax(Q) + gaze",1268.68637032162
63,1263.2692,793.71061629266,50,112.247631816059,1375.51683181606,1151.02156818394,"softmax(Q + gaze)",1297.68358479841
64,1289.32816326531,857.189848484262,49,122.455692640609,1411.78385590592,1166.8724706247,"Q",1317.44679056298
64,1289.32816326531,857.189848484262,49,122.455692640609,1411.78385590592,1166.8724706247,"Q * gaze",1405.74837385955
64,1289.32816326531,857.189848484262,49,122.455692640609,1411.78385590592,1166.8724706247,"Q + gaze",1296.39092469612
64,1289.32816326531,857.189848484262,49,122.455692640609,1411.78385590592,1166.8724706247,"softmax(Q)",1274.64941025974
64,1289.32816326531,857.189848484262,49,122.455692640609,1411.78385590592,1166.8724706247,"softmax(Q * gaze)",1323.9093496686
64,1289.32816326531,857.189848484262,49,122.455692640609,1411.78385590592,1166.8724706247,"softmax(Q) * gaze",1441.63375233828
64,1289.32816326531,857.189848484262,49,122.455692640609,1411.78385590592,1166.8724706247,"softmax(Q) + gaze",1289.5189505819
64,1289.32816326531,857.189848484262,49,122.455692640609,1411.78385590592,1166.8724706247,"softmax(Q + gaze)",1269.22521930167
65,1214.5802,759.635294363563,50,107.428653574623,1322.00885357462,1107.15154642538,"Q",1329.76448943301
65,1214.5802,759.635294363563,50,107.428653574623,1322.00885357462,1107.15154642538,"Q * gaze",1365.44920815233
65,1214.5802,759.635294363563,50,107.428653574623,1322.00885357462,1107.15154642538,"Q + gaze",1278.78604745047
65,1214.5802,759.635294363563,50,107.428653574623,1322.00885357462,1107.15154642538,"softmax(Q)",1293.29606969756
65,1214.5802,759.635294363563,50,107.428653574623,1322.00885357462,1107.15154642538,"softmax(Q * gaze)",1273.59308804253
65,1214.5802,759.635294363563,50,107.428653574623,1322.00885357462,1107.15154642538,"softmax(Q) * gaze",1328.39949504974
65,1214.5802,759.635294363563,50,107.428653574623,1322.00885357462,1107.15154642538,"softmax(Q) + gaze",1267.04240505894
65,1214.5802,759.635294363563,50,107.428653574623,1322.00885357462,1107.15154642538,"softmax(Q + gaze)",1248.35405506831
66,1192.02857142857,712.127962599887,49,101.732566085698,1293.76113751427,1090.29600534287,"Q",1279.75224702524
66,1192.02857142857,712.127962599887,49,101.732566085698,1293.76113751427,1090.29600534287,"Q * gaze",1367.01097526545
66,1192.02857142857,712.127962599887,49,101.732566085698,1293.76113751427,1090.29600534287,"Q + gaze",1241.55463840127
66,1192.02857142857,712.127962599887,49,101.732566085698,1293.76113751427,1090.29600534287,"softmax(Q)",1279.53002783673
66,1192.02857142857,712.127962599887,49,101.732566085698,1293.76113751427,1090.29600534287,"softmax(Q * gaze)",1260.11694279268
66,1192.02857142857,712.127962599887,49,101.732566085698,1293.76113751427,1090.29600534287,"softmax(Q) * gaze",1317.026900729
66,1192.02857142857,712.127962599887,49,101.732566085698,1293.76113751427,1090.29600534287,"softmax(Q) + gaze",1243.68758286181
66,1192.02857142857,712.127962599887,49,101.732566085698,1293.76113751427,1090.29600534287,"softmax(Q + gaze)",1242.6553728233
67,1163.2416,898.945483147258,50,127.130089410089,1290.37168941009,1036.11151058991,"Q",1335.21019329855
67,1163.2416,898.945483147258,50,127.130089410089,1290.37168941009,1036.11151058991,"Q * gaze",1397.92787121799
67,1163.2416,898.945483147258,50,127.130089410089,1290.37168941009,1036.11151058991,"Q + gaze",1269.16202092453
67,1163.2416,898.945483147258,50,127.130089410089,1290.37168941009,1036.11151058991,"softmax(Q)",1278.52522234667
67,1163.2416,898.945483147258,50,127.130089410089,1290.37168941009,1036.11151058991,"softmax(Q * gaze)",1278.31980193086
67,1163.2416,898.945483147258,50,127.130089410089,1290.37168941009,1036.11151058991,"softmax(Q) * gaze",1327.03118438622
67,1163.2416,898.945483147258,50,127.130089410089,1290.37168941009,1036.11151058991,"softmax(Q) + gaze",1245.72501583771
67,1163.2416,898.945483147258,50,127.130089410089,1290.37168941009,1036.11151058991,"softmax(Q + gaze)",1235.05715156089
68,1116.0012,717.851247974773,50,101.519497065238,1217.52069706524,1014.48170293476,"Q",1344.10871160978
68,1116.0012,717.851247974773,50,101.519497065238,1217.52069706524,1014.48170293476,"Q * gaze",1379.65366579126
68,1116.0012,717.851247974773,50,101.519497065238,1217.52069706524,1014.48170293476,"Q + gaze",1320.98342729278
68,1116.0012,717.851247974773,50,101.519497065238,1217.52069706524,1014.48170293476,"softmax(Q)",1279.80525826288
68,1116.0012,717.851247974773,50,101.519497065238,1217.52069706524,1014.48170293476,"softmax(Q * gaze)",1281.14897555019
68,1116.0012,717.851247974773,50,101.519497065238,1217.52069706524,1014.48170293476,"softmax(Q) * gaze",1406.68075287075
68,1116.0012,717.851247974773,50,101.519497065238,1217.52069706524,1014.48170293476,"softmax(Q) + gaze",1274.42744815779
68,1116.0012,717.851247974773,50,101.519497065238,1217.52069706524,1014.48170293476,"softmax(Q + gaze)",1271.09769075986
69,1124.73265306122,724.939472929682,49,103.562781847097,1228.29543490832,1021.16987121413,"Q",1347.70539915655
69,1124.73265306122,724.939472929682,49,103.562781847097,1228.29543490832,1021.16987121413,"Q * gaze",1362.90841418397
69,1124.73265306122,724.939472929682,49,103.562781847097,1228.29543490832,1021.16987121413,"Q + gaze",1268.44170472195
69,1124.73265306122,724.939472929682,49,103.562781847097,1228.29543490832,1021.16987121413,"softmax(Q)",1266.99004540252
69,1124.73265306122,724.939472929682,49,103.562781847097,1228.29543490832,1021.16987121413,"softmax(Q * gaze)",1260.51621622918
69,1124.73265306122,724.939472929682,49,103.562781847097,1228.29543490832,1021.16987121413,"softmax(Q) * gaze",1300.44034818874
69,1124.73265306122,724.939472929682,49,103.562781847097,1228.29543490832,1021.16987121413,"softmax(Q) + gaze",1253.55489075087
69,1124.73265306122,724.939472929682,49,103.562781847097,1228.29543490832,1021.16987121413,"softmax(Q + gaze)",1243.33996728996
70,1115.71653061224,599.941001899878,49,85.7058574142683,1201.42238802651,1030.01067319798,"Q",1321.51706926421
70,1115.71653061224,599.941001899878,49,85.7058574142683,1201.42238802651,1030.01067319798,"Q * gaze",1276.58356741573
70,1115.71653061224,599.941001899878,49,85.7058574142683,1201.42238802651,1030.01067319798,"Q + gaze",1265.17877736416
70,1115.71653061224,599.941001899878,49,85.7058574142683,1201.42238802651,1030.01067319798,"softmax(Q)",1279.76649527702
70,1115.71653061224,599.941001899878,49,85.7058574142683,1201.42238802651,1030.01067319798,"softmax(Q * gaze)",1242.25483689714
70,1115.71653061224,599.941001899878,49,85.7058574142683,1201.42238802651,1030.01067319798,"softmax(Q) * gaze",1219.35188758001
70,1115.71653061224,599.941001899878,49,85.7058574142683,1201.42238802651,1030.01067319798,"softmax(Q) + gaze",1227.48241540369
70,1115.71653061224,599.941001899878,49,85.7058574142683,1201.42238802651,1030.01067319798,"softmax(Q + gaze)",1232.446748337
71,1130.04020833333,659.322331309797,48,95.1649813661107,1225.20518969944,1034.87522696722,"Q",1312.85412778401
71,1130.04020833333,659.322331309797,48,95.1649813661107,1225.20518969944,1034.87522696722,"Q * gaze",1417.82732043434
71,1130.04020833333,659.322331309797,48,95.1649813661107,1225.20518969944,1034.87522696722,"Q + gaze",1289.08727524693
71,1130.04020833333,659.322331309797,48,95.1649813661107,1225.20518969944,1034.87522696722,"softmax(Q)",1285.89412172037
71,1130.04020833333,659.322331309797,48,95.1649813661107,1225.20518969944,1034.87522696722,"softmax(Q * gaze)",1287.37443223707
71,1130.04020833333,659.322331309797,48,95.1649813661107,1225.20518969944,1034.87522696722,"softmax(Q) * gaze",1395.94607813842
71,1130.04020833333,659.322331309797,48,95.1649813661107,1225.20518969944,1034.87522696722,"softmax(Q) + gaze",1273.47088139431
71,1130.04020833333,659.322331309797,48,95.1649813661107,1225.20518969944,1034.87522696722,"softmax(Q + gaze)",1259.67011179205
72,1300.7478,873.2386122613,50,123.494588864779,1424.24238886478,1177.25321113522,"Q",1303.17278282482
72,1300.7478,873.2386122613,50,123.494588864779,1424.24238886478,1177.25321113522,"Q * gaze",1463.00362375048
72,1300.7478,873.2386122613,50,123.494588864779,1424.24238886478,1177.25321113522,"Q + gaze",1296.56178747397
72,1300.7478,873.2386122613,50,123.494588864779,1424.24238886478,1177.25321113522,"softmax(Q)",1255.63734057501
72,1300.7478,873.2386122613,50,123.494588864779,1424.24238886478,1177.25321113522,"softmax(Q * gaze)",1276.55493374959
72,1300.7478,873.2386122613,50,123.494588864779,1424.24238886478,1177.25321113522,"softmax(Q) * gaze",1431.22773067813
72,1300.7478,873.2386122613,50,123.494588864779,1424.24238886478,1177.25321113522,"softmax(Q) + gaze",1271.17144395732
72,1300.7478,873.2386122613,50,123.494588864779,1424.24238886478,1177.25321113522,"softmax(Q + gaze)",1275.20710164179
73,1130.4106,680.068580090393,50,96.1762209307647,1226.58682093076,1034.23437906924,"Q",1330.76751773584
73,1130.4106,680.068580090393,50,96.1762209307647,1226.58682093076,1034.23437906924,"Q * gaze",1322.33420834801
73,1130.4106,680.068580090393,50,96.1762209307647,1226.58682093076,1034.23437906924,"Q + gaze",1287.47740308366
73,1130.4106,680.068580090393,50,96.1762209307647,1226.58682093076,1034.23437906924,"softmax(Q)",1290.17839922502
73,1130.4106,680.068580090393,50,96.1762209307647,1226.58682093076,1034.23437906924,"softmax(Q * gaze)",1265.98613109669
73,1130.4106,680.068580090393,50,96.1762209307647,1226.58682093076,1034.23437906924,"softmax(Q) * gaze",1351.21936223014
73,1130.4106,680.068580090393,50,96.1762209307647,1226.58682093076,1034.23437906924,"softmax(Q) + gaze",1273.53124758169
73,1130.4106,680.068580090393,50,96.1762209307647,1226.58682093076,1034.23437906924,"softmax(Q + gaze)",1258.16818092204
74,1054.1818,515.463488212664,50,72.8975455938493,1127.07934559385,981.284254406151,"Q",1336.92287008658
74,1054.1818,515.463488212664,50,72.8975455938493,1127.07934559385,981.284254406151,"Q * gaze",1360.59774928315
74,1054.1818,515.463488212664,50,72.8975455938493,1127.07934559385,981.284254406151,"Q + gaze",1280.02263444271
74,1054.1818,515.463488212664,50,72.8975455938493,1127.07934559385,981.284254406151,"softmax(Q)",1286.29229842433
74,1054.1818,515.463488212664,50,72.8975455938493,1127.07934559385,981.284254406151,"softmax(Q * gaze)",1295.05498173116
74,1054.1818,515.463488212664,50,72.8975455938493,1127.07934559385,981.284254406151,"softmax(Q) * gaze",1323.87792881781
74,1054.1818,515.463488212664,50,72.8975455938493,1127.07934559385,981.284254406151,"softmax(Q) + gaze",1256.19981910518
74,1054.1818,515.463488212664,50,72.8975455938493,1127.07934559385,981.284254406151,"softmax(Q + gaze)",1270.56432448224
75,1069.76653061224,545.608975849276,49,77.9441394070394,1147.71067001928,991.822391205205,"Q",1272.14912948676
75,1069.76653061224,545.608975849276,49,77.9441394070394,1147.71067001928,991.822391205205,"Q * gaze",1392.900114328
75,1069.76653061224,545.608975849276,49,77.9441394070394,1147.71067001928,991.822391205205,"Q + gaze",1255.92184642499
75,1069.76653061224,545.608975849276,49,77.9441394070394,1147.71067001928,991.822391205205,"softmax(Q)",1266.75540920045
75,1069.76653061224,545.608975849276,49,77.9441394070394,1147.71067001928,991.822391205205,"softmax(Q * gaze)",1283.4045234436
75,1069.76653061224,545.608975849276,49,77.9441394070394,1147.71067001928,991.822391205205,"softmax(Q) * gaze",1379.09893663748
75,1069.76653061224,545.608975849276,49,77.9441394070394,1147.71067001928,991.822391205205,"softmax(Q) + gaze",1269.74737856544
75,1069.76653061224,545.608975849276,49,77.9441394070394,1147.71067001928,991.822391205205,"softmax(Q + gaze)",1262.70740678711
76,1101.7982,594.159996595056,50,84.026912540428,1185.82511254043,1017.77128745957,"Q",1316.05012422738
76,1101.7982,594.159996595056,50,84.026912540428,1185.82511254043,1017.77128745957,"Q * gaze",1404.78925629962
76,1101.7982,594.159996595056,50,84.026912540428,1185.82511254043,1017.77128745957,"Q + gaze",1267.63383557492
76,1101.7982,594.159996595056,50,84.026912540428,1185.82511254043,1017.77128745957,"softmax(Q)",1255.96497592026
76,1101.7982,594.159996595056,50,84.026912540428,1185.82511254043,1017.77128745957,"softmax(Q * gaze)",1267.7818733122
76,1101.7982,594.159996595056,50,84.026912540428,1185.82511254043,1017.77128745957,"softmax(Q) * gaze",1385.39463732431
76,1101.7982,594.159996595056,50,84.026912540428,1185.82511254043,1017.77128745957,"softmax(Q) + gaze",1241.05944221061
76,1101.7982,594.159996595056,50,84.026912540428,1185.82511254043,1017.77128745957,"softmax(Q + gaze)",1266.94191926221
77,1092.9748,540.692037456006,50,76.4654012437424,1169.44020124374,1016.50939875626,"Q",1358.16456065012
77,1092.9748,540.692037456006,50,76.4654012437424,1169.44020124374,1016.50939875626,"Q * gaze",1511.76919747401
77,1092.9748,540.692037456006,50,76.4654012437424,1169.44020124374,1016.50939875626,"Q + gaze",1334.29815079879
77,1092.9748,540.692037456006,50,76.4654012437424,1169.44020124374,1016.50939875626,"softmax(Q)",1246.79229353967
77,1092.9748,540.692037456006,50,76.4654012437424,1169.44020124374,1016.50939875626,"softmax(Q * gaze)",1283.36846790804
77,1092.9748,540.692037456006,50,76.4654012437424,1169.44020124374,1016.50939875626,"softmax(Q) * gaze",1455.5639823881
77,1092.9748,540.692037456006,50,76.4654012437424,1169.44020124374,1016.50939875626,"softmax(Q) + gaze",1291.13638715457
77,1092.9748,540.692037456006,50,76.4654012437424,1169.44020124374,1016.50939875626,"softmax(Q + gaze)",1275.48516549431
78,1236.4494,997.156688828362,50,141.019251315212,1377.46865131521,1095.43014868479,"Q",1286.71581884201
78,1236.4494,997.156688828362,50,141.019251315212,1377.46865131521,1095.43014868479,"Q * gaze",1430.07752613798
78,1236.4494,997.156688828362,50,141.019251315212,1377.46865131521,1095.43014868479,"Q + gaze",1289.43159277091
78,1236.4494,997.156688828362,50,141.019251315212,1377.46865131521,1095.43014868479,"softmax(Q)",1272.21623996242
78,1236.4494,997.156688828362,50,141.019251315212,1377.46865131521,1095.43014868479,"softmax(Q * gaze)",1306.54377955366
78,1236.4494,997.156688828362,50,141.019251315212,1377.46865131521,1095.43014868479,"softmax(Q) * gaze",1451.10450527515
78,1236.4494,997.156688828362,50,141.019251315212,1377.46865131521,1095.43014868479,"softmax(Q) + gaze",1271.6315632963
78,1236.4494,997.156688828362,50,141.019251315212,1377.46865131521,1095.43014868479,"softmax(Q + gaze)",1267.2468136524
79,1345.089,1544.71248135373,50,218.455334109744,1563.54433410974,1126.63366589026,"Q",1324.74504574666
79,1345.089,1544.71248135373,50,218.455334109744,1563.54433410974,1126.63366589026,"Q * gaze",1377.62657525155
79,1345.089,1544.71248135373,50,218.455334109744,1563.54433410974,1126.63366589026,"Q + gaze",1296.02803312577
79,1345.089,1544.71248135373,50,218.455334109744,1563.54433410974,1126.63366589026,"softmax(Q)",1254.50062422062
79,1345.089,1544.71248135373,50,218.455334109744,1563.54433410974,1126.63366589026,"softmax(Q * gaze)",1257.02544537285
79,1345.089,1544.71248135373,50,218.455334109744,1563.54433410974,1126.63366589026,"softmax(Q) * gaze",1392.67116197516
79,1345.089,1544.71248135373,50,218.455334109744,1563.54433410974,1126.63366589026,"softmax(Q) + gaze",1260.10597143762
79,1345.089,1544.71248135373,50,218.455334109744,1563.54433410974,1126.63366589026,"softmax(Q + gaze)",1259.83645824019
80,1139.9748,657.740431636328,50,93.0185438941228,1232.99334389412,1046.95625610588,"Q",1308.88286679538
80,1139.9748,657.740431636328,50,93.0185438941228,1232.99334389412,1046.95625610588,"Q * gaze",1381.03962733589
80,1139.9748,657.740431636328,50,93.0185438941228,1232.99334389412,1046.95625610588,"Q + gaze",1280.54775477708
80,1139.9748,657.740431636328,50,93.0185438941228,1232.99334389412,1046.95625610588,"softmax(Q)",1287.45812433195
80,1139.9748,657.740431636328,50,93.0185438941228,1232.99334389412,1046.95625610588,"softmax(Q * gaze)",1263.49842689444
80,1139.9748,657.740431636328,50,93.0185438941228,1232.99334389412,1046.95625610588,"softmax(Q) * gaze",1413.38643499267
80,1139.9748,657.740431636328,50,93.0185438941228,1232.99334389412,1046.95625610588,"softmax(Q) + gaze",1251.27720594839
80,1139.9748,657.740431636328,50,93.0185438941228,1232.99334389412,1046.95625610588,"softmax(Q + gaze)",1255.37810366487
81,1216.9078,810.947787678072,50,114.685335971079,1331.59313597108,1102.22246402892,"Q",1329.43228627203
81,1216.9078,810.947787678072,50,114.685335971079,1331.59313597108,1102.22246402892,"Q * gaze",1445.37395111097
81,1216.9078,810.947787678072,50,114.685335971079,1331.59313597108,1102.22246402892,"Q + gaze",1312.23886897796
81,1216.9078,810.947787678072,50,114.685335971079,1331.59313597108,1102.22246402892,"softmax(Q)",1268.81184749243
81,1216.9078,810.947787678072,50,114.685335971079,1331.59313597108,1102.22246402892,"softmax(Q * gaze)",1319.82224767332
81,1216.9078,810.947787678072,50,114.685335971079,1331.59313597108,1102.22246402892,"softmax(Q) * gaze",1459.24166050385
81,1216.9078,810.947787678072,50,114.685335971079,1331.59313597108,1102.22246402892,"softmax(Q) + gaze",1290.21797458504
81,1216.9078,810.947787678072,50,114.685335971079,1331.59313597108,1102.22246402892,"softmax(Q + gaze)",1284.31149064763
82,1074.9272,619.331589202292,50,87.5867133055964,1162.5139133056,987.340486694404,"Q",1328.21663422704
82,1074.9272,619.331589202292,50,87.5867133055964,1162.5139133056,987.340486694404,"Q * gaze",1445.47023564984
82,1074.9272,619.331589202292,50,87.5867133055964,1162.5139133056,987.340486694404,"Q + gaze",1319.52236476804
82,1074.9272,619.331589202292,50,87.5867133055964,1162.5139133056,987.340486694404,"softmax(Q)",1277.15870209934
82,1074.9272,619.331589202292,50,87.5867133055964,1162.5139133056,987.340486694404,"softmax(Q * gaze)",1271.47243141623
82,1074.9272,619.331589202292,50,87.5867133055964,1162.5139133056,987.340486694404,"softmax(Q) * gaze",1374.57790026665
82,1074.9272,619.331589202292,50,87.5867133055964,1162.5139133056,987.340486694404,"softmax(Q) + gaze",1266.41993506013
82,1074.9272,619.331589202292,50,87.5867133055964,1162.5139133056,987.340486694404,"softmax(Q + gaze)",1235.28978899213
83,1054.2214,573.717612362332,50,81.135922837512,1135.35732283751,973.085477162488,"Q",1330.91722541237
83,1054.2214,573.717612362332,50,81.135922837512,1135.35732283751,973.085477162488,"Q * gaze",1375.3586807101
83,1054.2214,573.717612362332,50,81.135922837512,1135.35732283751,973.085477162488,"Q + gaze",1267.39973744882
83,1054.2214,573.717612362332,50,81.135922837512,1135.35732283751,973.085477162488,"softmax(Q)",1264.68880353029
83,1054.2214,573.717612362332,50,81.135922837512,1135.35732283751,973.085477162488,"softmax(Q * gaze)",1277.40776114008
83,1054.2214,573.717612362332,50,81.135922837512,1135.35732283751,973.085477162488,"softmax(Q) * gaze",1326.62377142141
83,1054.2214,573.717612362332,50,81.135922837512,1135.35732283751,973.085477162488,"softmax(Q) + gaze",1234.79781820337
83,1054.2214,573.717612362332,50,81.135922837512,1135.35732283751,973.085477162488,"softmax(Q + gaze)",1233.40106513447
84,1060.9508,616.680572978542,50,87.2118029958265,1148.16260299583,973.738997004174,"Q",1336.03788973357
84,1060.9508,616.680572978542,50,87.2118029958265,1148.16260299583,973.738997004174,"Q * gaze",1300.75977168445
84,1060.9508,616.680572978542,50,87.2118029958265,1148.16260299583,973.738997004174,"Q + gaze",1267.97248432964
84,1060.9508,616.680572978542,50,87.2118029958265,1148.16260299583,973.738997004174,"softmax(Q)",1272.27026084871
84,1060.9508,616.680572978542,50,87.2118029958265,1148.16260299583,973.738997004174,"softmax(Q * gaze)",1256.19377329204
84,1060.9508,616.680572978542,50,87.2118029958265,1148.16260299583,973.738997004174,"softmax(Q) * gaze",1264.24173309905
84,1060.9508,616.680572978542,50,87.2118029958265,1148.16260299583,973.738997004174,"softmax(Q) + gaze",1252.33108206326
84,1060.9508,616.680572978542,50,87.2118029958265,1148.16260299583,973.738997004174,"softmax(Q + gaze)",1237.58828972776
85,1160.765,577.672531747628,50,81.6952329007898,1242.46023290079,1079.06976709921,"Q",1324.43531972578
85,1160.765,577.672531747628,50,81.6952329007898,1242.46023290079,1079.06976709921,"Q * gaze",1406.03723443943
85,1160.765,577.672531747628,50,81.6952329007898,1242.46023290079,1079.06976709921,"Q + gaze",1304.40377864599
85,1160.765,577.672531747628,50,81.6952329007898,1242.46023290079,1079.06976709921,"softmax(Q)",1257.28429993982
85,1160.765,577.672531747628,50,81.6952329007898,1242.46023290079,1079.06976709921,"softmax(Q * gaze)",1271.7998617209
85,1160.765,577.672531747628,50,81.6952329007898,1242.46023290079,1079.06976709921,"softmax(Q) * gaze",1373.48682379698
85,1160.765,577.672531747628,50,81.6952329007898,1242.46023290079,1079.06976709921,"softmax(Q) + gaze",1255.48635919217
85,1160.765,577.672531747628,50,81.6952329007898,1242.46023290079,1079.06976709921,"softmax(Q + gaze)",1242.19075851429
86,1156.0898,766.572278106366,50,108.409691223726,1264.49949122373,1047.68010877627,"Q",1315.72433196991
86,1156.0898,766.572278106366,50,108.409691223726,1264.49949122373,1047.68010877627,"Q * gaze",1382.64180768701
86,1156.0898,766.572278106366,50,108.409691223726,1264.49949122373,1047.68010877627,"Q + gaze",1282.46302749061
86,1156.0898,766.572278106366,50,108.409691223726,1264.49949122373,1047.68010877627,"softmax(Q)",1300.92049807684
86,1156.0898,766.572278106366,50,108.409691223726,1264.49949122373,1047.68010877627,"softmax(Q * gaze)",1272.18439872192
86,1156.0898,766.572278106366,50,108.409691223726,1264.49949122373,1047.68010877627,"softmax(Q) * gaze",1411.81368388781
86,1156.0898,766.572278106366,50,108.409691223726,1264.49949122373,1047.68010877627,"softmax(Q) + gaze",1281.33163537346
86,1156.0898,766.572278106366,50,108.409691223726,1264.49949122373,1047.68010877627,"softmax(Q + gaze)",1262.53317449751
87,1124.7842,595.646269347943,50,84.2371032488799,1209.02130324888,1040.54709675112,"Q",1307.64087954658
87,1124.7842,595.646269347943,50,84.2371032488799,1209.02130324888,1040.54709675112,"Q * gaze",1473.10057949555
87,1124.7842,595.646269347943,50,84.2371032488799,1209.02130324888,1040.54709675112,"Q + gaze",1276.70977002943
87,1124.7842,595.646269347943,50,84.2371032488799,1209.02130324888,1040.54709675112,"softmax(Q)",1262.58173851877
87,1124.7842,595.646269347943,50,84.2371032488799,1209.02130324888,1040.54709675112,"softmax(Q * gaze)",1285.92152305862
87,1124.7842,595.646269347943,50,84.2371032488799,1209.02130324888,1040.54709675112,"softmax(Q) * gaze",1470.90401775855
87,1124.7842,595.646269347943,50,84.2371032488799,1209.02130324888,1040.54709675112,"softmax(Q) + gaze",1276.21987116415
87,1124.7842,595.646269347943,50,84.2371032488799,1209.02130324888,1040.54709675112,"softmax(Q + gaze)",1280.36325842828
88,1022.7112,486.09658558029,50,68.74443839509,1091.45563839509,953.96676160491,"Q",1301.62725996198
88,1022.7112,486.09658558029,50,68.74443839509,1091.45563839509,953.96676160491,"Q * gaze",1317.38662606637
88,1022.7112,486.09658558029,50,68.74443839509,1091.45563839509,953.96676160491,"Q + gaze",1266.20789916073
88,1022.7112,486.09658558029,50,68.74443839509,1091.45563839509,953.96676160491,"softmax(Q)",1258.75392831651
88,1022.7112,486.09658558029,50,68.74443839509,1091.45563839509,953.96676160491,"softmax(Q * gaze)",1235.35696681842
88,1022.7112,486.09658558029,50,68.74443839509,1091.45563839509,953.96676160491,"softmax(Q) * gaze",1301.68889537274
88,1022.7112,486.09658558029,50,68.74443839509,1091.45563839509,953.96676160491,"softmax(Q) + gaze",1236.53027094871
88,1022.7112,486.09658558029,50,68.74443839509,1091.45563839509,953.96676160491,"softmax(Q + gaze)",1250.02481391815
89,1095.7688,625.791860917324,50,88.5003336931977,1184.2691336932,1007.2684663068,"Q",1354.57052124097
89,1095.7688,625.791860917324,50,88.5003336931977,1184.2691336932,1007.2684663068,"Q * gaze",1404.96628924398
89,1095.7688,625.791860917324,50,88.5003336931977,1184.2691336932,1007.2684663068,"Q + gaze",1320.59052835998
89,1095.7688,625.791860917324,50,88.5003336931977,1184.2691336932,1007.2684663068,"softmax(Q)",1282.91162819776
89,1095.7688,625.791860917324,50,88.5003336931977,1184.2691336932,1007.2684663068,"softmax(Q * gaze)",1289.21147241933
89,1095.7688,625.791860917324,50,88.5003336931977,1184.2691336932,1007.2684663068,"softmax(Q) * gaze",1391.84347634482
89,1095.7688,625.791860917324,50,88.5003336931977,1184.2691336932,1007.2684663068,"softmax(Q) + gaze",1273.88262798197
89,1095.7688,625.791860917324,50,88.5003336931977,1184.2691336932,1007.2684663068,"softmax(Q + gaze)",1295.29280434706
90,1053.539,655.809604345683,50,92.7454836800198,1146.28448368002,960.79351631998,"Q",1287.62187586418
90,1053.539,655.809604345683,50,92.7454836800198,1146.28448368002,960.79351631998,"Q * gaze",1441.039381363
90,1053.539,655.809604345683,50,92.7454836800198,1146.28448368002,960.79351631998,"Q + gaze",1307.31321538563
90,1053.539,655.809604345683,50,92.7454836800198,1146.28448368002,960.79351631998,"softmax(Q)",1284.61650308178
90,1053.539,655.809604345683,50,92.7454836800198,1146.28448368002,960.79351631998,"softmax(Q * gaze)",1285.1283231815
90,1053.539,655.809604345683,50,92.7454836800198,1146.28448368002,960.79351631998,"softmax(Q) * gaze",1408.04215988657
90,1053.539,655.809604345683,50,92.7454836800198,1146.28448368002,960.79351631998,"softmax(Q) + gaze",1285.62890538646
90,1053.539,655.809604345683,50,92.7454836800198,1146.28448368002,960.79351631998,"softmax(Q + gaze)",1265.10019264315
91,1027.66755102041,573.859339405611,49,81.979905629373,1109.64745664978,945.687645391035,"Q",1389.74294767454
91,1027.66755102041,573.859339405611,49,81.979905629373,1109.64745664978,945.687645391035,"Q * gaze",1534.89736833931
91,1027.66755102041,573.859339405611,49,81.979905629373,1109.64745664978,945.687645391035,"Q + gaze",1366.48992280575
91,1027.66755102041,573.859339405611,49,81.979905629373,1109.64745664978,945.687645391035,"softmax(Q)",1265.62692832115
91,1027.66755102041,573.859339405611,49,81.979905629373,1109.64745664978,945.687645391035,"softmax(Q * gaze)",1316.3532158303
91,1027.66755102041,573.859339405611,49,81.979905629373,1109.64745664978,945.687645391035,"softmax(Q) * gaze",1499.22607890806
91,1027.66755102041,573.859339405611,49,81.979905629373,1109.64745664978,945.687645391035,"softmax(Q) + gaze",1282.75874202208
91,1027.66755102041,573.859339405611,49,81.979905629373,1109.64745664978,945.687645391035,"softmax(Q + gaze)",1279.85047407581
92,1173.4772,1045.00042342739,50,147.785377149664,1321.26257714966,1025.69182285034,"Q",1364.6241779621
92,1173.4772,1045.00042342739,50,147.785377149664,1321.26257714966,1025.69182285034,"Q * gaze",1495.2538701797
92,1173.4772,1045.00042342739,50,147.785377149664,1321.26257714966,1025.69182285034,"Q + gaze",1329.5017450841
92,1173.4772,1045.00042342739,50,147.785377149664,1321.26257714966,1025.69182285034,"softmax(Q)",1279.96498891345
92,1173.4772,1045.00042342739,50,147.785377149664,1321.26257714966,1025.69182285034,"softmax(Q * gaze)",1288.90875668597
92,1173.4772,1045.00042342739,50,147.785377149664,1321.26257714966,1025.69182285034,"softmax(Q) * gaze",1429.87491044252
92,1173.4772,1045.00042342739,50,147.785377149664,1321.26257714966,1025.69182285034,"softmax(Q) + gaze",1259.58762896519
92,1173.4772,1045.00042342739,50,147.785377149664,1321.26257714966,1025.69182285034,"softmax(Q + gaze)",1270.19345525232
93,1064.4488,776.301093108722,50,109.785553435941,1174.23435343594,954.663246564059,"Q",1319.8624825532
93,1064.4488,776.301093108722,50,109.785553435941,1174.23435343594,954.663246564059,"Q * gaze",1367.0243462759
93,1064.4488,776.301093108722,50,109.785553435941,1174.23435343594,954.663246564059,"Q + gaze",1285.44935551664
93,1064.4488,776.301093108722,50,109.785553435941,1174.23435343594,954.663246564059,"softmax(Q)",1250.46375914425
93,1064.4488,776.301093108722,50,109.785553435941,1174.23435343594,954.663246564059,"softmax(Q * gaze)",1278.97341914461
93,1064.4488,776.301093108722,50,109.785553435941,1174.23435343594,954.663246564059,"softmax(Q) * gaze",1399.15003639528
93,1064.4488,776.301093108722,50,109.785553435941,1174.23435343594,954.663246564059,"softmax(Q) + gaze",1255.40526508153
93,1064.4488,776.301093108722,50,109.785553435941,1174.23435343594,954.663246564059,"softmax(Q + gaze)",1242.80045749316
94,1050.0404,776.450246993959,50,109.80664698068,1159.84704698068,940.23375301932,"Q",1364.06504523619
94,1050.0404,776.450246993959,50,109.80664698068,1159.84704698068,940.23375301932,"Q * gaze",1322.63668195608
94,1050.0404,776.450246993959,50,109.80664698068,1159.84704698068,940.23375301932,"Q + gaze",1265.92975989774
94,1050.0404,776.450246993959,50,109.80664698068,1159.84704698068,940.23375301932,"softmax(Q)",1272.46568081117
94,1050.0404,776.450246993959,50,109.80664698068,1159.84704698068,940.23375301932,"softmax(Q * gaze)",1240.08889001188
94,1050.0404,776.450246993959,50,109.80664698068,1159.84704698068,940.23375301932,"softmax(Q) * gaze",1336.16461106575
94,1050.0404,776.450246993959,50,109.80664698068,1159.84704698068,940.23375301932,"softmax(Q) + gaze",1241.12964258395
94,1050.0404,776.450246993959,50,109.80664698068,1159.84704698068,940.23375301932,"softmax(Q + gaze)",1256.22100087293
95,1064.02693877551,597.262620960565,49,85.323231565795,1149.35017034131,978.703707209715,"Q",1381.95910145988
95,1064.02693877551,597.262620960565,49,85.323231565795,1149.35017034131,978.703707209715,"Q * gaze",1419.30734142401
95,1064.02693877551,597.262620960565,49,85.323231565795,1149.35017034131,978.703707209715,"Q + gaze",1306.20109314983
95,1064.02693877551,597.262620960565,49,85.323231565795,1149.35017034131,978.703707209715,"softmax(Q)",1272.71727335134
95,1064.02693877551,597.262620960565,49,85.323231565795,1149.35017034131,978.703707209715,"softmax(Q * gaze)",1278.31428997704
95,1064.02693877551,597.262620960565,49,85.323231565795,1149.35017034131,978.703707209715,"softmax(Q) * gaze",1402.1226032448
95,1064.02693877551,597.262620960565,49,85.323231565795,1149.35017034131,978.703707209715,"softmax(Q) + gaze",1266.53973297917
95,1064.02693877551,597.262620960565,49,85.323231565795,1149.35017034131,978.703707209715,"softmax(Q + gaze)",1275.78269348106
96,1024.05918367347,613.8704482857,49,87.6957783265286,1111.754962,936.363405346941,"Q",1349.35221895493
96,1024.05918367347,613.8704482857,49,87.6957783265286,1111.754962,936.363405346941,"Q * gaze",1490.65912813663
96,1024.05918367347,613.8704482857,49,87.6957783265286,1111.754962,936.363405346941,"Q + gaze",1336.38088437364
96,1024.05918367347,613.8704482857,49,87.6957783265286,1111.754962,936.363405346941,"softmax(Q)",1271.77879319496
96,1024.05918367347,613.8704482857,49,87.6957783265286,1111.754962,936.363405346941,"softmax(Q * gaze)",1322.23464144807
96,1024.05918367347,613.8704482857,49,87.6957783265286,1111.754962,936.363405346941,"softmax(Q) * gaze",1502.87867029443
96,1024.05918367347,613.8704482857,49,87.6957783265286,1111.754962,936.363405346941,"softmax(Q) + gaze",1294.12492063432
96,1024.05918367347,613.8704482857,49,87.6957783265286,1111.754962,936.363405346941,"softmax(Q + gaze)",1292.59159670637
97,935.5994,489.824333111163,50,69.2716215066164,1004.87102150662,866.327778493384,"Q",1343.75813868086
97,935.5994,489.824333111163,50,69.2716215066164,1004.87102150662,866.327778493384,"Q * gaze",1523.58445795934
97,935.5994,489.824333111163,50,69.2716215066164,1004.87102150662,866.327778493384,"Q + gaze",1306.02170810021
97,935.5994,489.824333111163,50,69.2716215066164,1004.87102150662,866.327778493384,"softmax(Q)",1253.12605942769
97,935.5994,489.824333111163,50,69.2716215066164,1004.87102150662,866.327778493384,"softmax(Q * gaze)",1297.56535619171
97,935.5994,489.824333111163,50,69.2716215066164,1004.87102150662,866.327778493384,"softmax(Q) * gaze",1530.5943631463
97,935.5994,489.824333111163,50,69.2716215066164,1004.87102150662,866.327778493384,"softmax(Q) + gaze",1284.08901423491
97,935.5994,489.824333111163,50,69.2716215066164,1004.87102150662,866.327778493384,"softmax(Q + gaze)",1299.63671245224
98,1146.2954,1043.05367552654,50,147.510065421274,1293.80546542127,998.785334578726,"Q",1297.73276470395
98,1146.2954,1043.05367552654,50,147.510065421274,1293.80546542127,998.785334578726,"Q * gaze",1338.82252450865
98,1146.2954,1043.05367552654,50,147.510065421274,1293.80546542127,998.785334578726,"Q + gaze",1261.84730879001
98,1146.2954,1043.05367552654,50,147.510065421274,1293.80546542127,998.785334578726,"softmax(Q)",1265.54121728097
98,1146.2954,1043.05367552654,50,147.510065421274,1293.80546542127,998.785334578726,"softmax(Q * gaze)",1235.43777473198
98,1146.2954,1043.05367552654,50,147.510065421274,1293.80546542127,998.785334578726,"softmax(Q) * gaze",1333.12312271436
98,1146.2954,1043.05367552654,50,147.510065421274,1293.80546542127,998.785334578726,"softmax(Q) + gaze",1235.97679596358
98,1146.2954,1043.05367552654,50,147.510065421274,1293.80546542127,998.785334578726,"softmax(Q + gaze)",1230.07958552089
99,1117.32244897959,581.911675899397,49,83.1302394141995,1200.45268839379,1034.19220956539,"Q",1349.5788107775
99,1117.32244897959,581.911675899397,49,83.1302394141995,1200.45268839379,1034.19220956539,"Q * gaze",1412.11529802723
99,1117.32244897959,581.911675899397,49,83.1302394141995,1200.45268839379,1034.19220956539,"Q + gaze",1302.23763494449
99,1117.32244897959,581.911675899397,49,83.1302394141995,1200.45268839379,1034.19220956539,"softmax(Q)",1270.3977080264
99,1117.32244897959,581.911675899397,49,83.1302394141995,1200.45268839379,1034.19220956539,"softmax(Q * gaze)",1252.02437977519
99,1117.32244897959,581.911675899397,49,83.1302394141995,1200.45268839379,1034.19220956539,"softmax(Q) * gaze",1372.07229411812
99,1117.32244897959,581.911675899397,49,83.1302394141995,1200.45268839379,1034.19220956539,"softmax(Q) + gaze",1262.96358104944
99,1117.32244897959,581.911675899397,49,83.1302394141995,1200.45268839379,1034.19220956539,"softmax(Q + gaze)",1251.35691832449
100,1086.523,551.22722770956,50,77.9553021376182,1164.47830213762,1008.56769786238,"Q",1332.31307700779
100,1086.523,551.22722770956,50,77.9553021376182,1164.47830213762,1008.56769786238,"Q * gaze",1425.56772824545
100,1086.523,551.22722770956,50,77.9553021376182,1164.47830213762,1008.56769786238,"Q + gaze",1287.57783946773
100,1086.523,551.22722770956,50,77.9553021376182,1164.47830213762,1008.56769786238,"softmax(Q)",1277.21145326545
100,1086.523,551.22722770956,50,77.9553021376182,1164.47830213762,1008.56769786238,"softmax(Q * gaze)",1278.58971306887
100,1086.523,551.22722770956,50,77.9553021376182,1164.47830213762,1008.56769786238,"softmax(Q) * gaze",1389.56781588469
100,1086.523,551.22722770956,50,77.9553021376182,1164.47830213762,1008.56769786238,"softmax(Q) + gaze",1270.47460234129
100,1086.523,551.22722770956,50,77.9553021376182,1164.47830213762,1008.56769786238,"softmax(Q + gaze)",1256.66983994037
101,1118.5164,729.045419675647,50,103.102592009129,1221.61899200913,1015.41380799087,"Q",1288.95524083123
101,1118.5164,729.045419675647,50,103.102592009129,1221.61899200913,1015.41380799087,"Q * gaze",1404.69889173846
101,1118.5164,729.045419675647,50,103.102592009129,1221.61899200913,1015.41380799087,"Q + gaze",1297.42671030094
101,1118.5164,729.045419675647,50,103.102592009129,1221.61899200913,1015.41380799087,"softmax(Q)",1281.26423706381
101,1118.5164,729.045419675647,50,103.102592009129,1221.61899200913,1015.41380799087,"softmax(Q * gaze)",1274.14130945876
101,1118.5164,729.045419675647,50,103.102592009129,1221.61899200913,1015.41380799087,"softmax(Q) * gaze",1411.07510949628
101,1118.5164,729.045419675647,50,103.102592009129,1221.61899200913,1015.41380799087,"softmax(Q) + gaze",1285.09445393522
101,1118.5164,729.045419675647,50,103.102592009129,1221.61899200913,1015.41380799087,"softmax(Q + gaze)",1274.32126602282
102,976.9738,421.504142284292,50,59.6096874614884,1036.58348746149,917.364112538512,"Q",1315.28417317005
102,976.9738,421.504142284292,50,59.6096874614884,1036.58348746149,917.364112538512,"Q * gaze",1419.11137995895
102,976.9738,421.504142284292,50,59.6096874614884,1036.58348746149,917.364112538512,"Q + gaze",1262.98741542574
102,976.9738,421.504142284292,50,59.6096874614884,1036.58348746149,917.364112538512,"softmax(Q)",1268.56840151186
102,976.9738,421.504142284292,50,59.6096874614884,1036.58348746149,917.364112538512,"softmax(Q * gaze)",1285.45087026114
102,976.9738,421.504142284292,50,59.6096874614884,1036.58348746149,917.364112538512,"softmax(Q) * gaze",1468.77467756621
102,976.9738,421.504142284292,50,59.6096874614884,1036.58348746149,917.364112538512,"softmax(Q) + gaze",1269.0782721851
102,976.9738,421.504142284292,50,59.6096874614884,1036.58348746149,917.364112538512,"softmax(Q + gaze)",1267.89380082886
103,1045.5154,573.937568407426,50,81.1670293197217,1126.68242931972,964.348370680278,"Q",1346.8066318767
103,1045.5154,573.937568407426,50,81.1670293197217,1126.68242931972,964.348370680278,"Q * gaze",1348.69021404074
103,1045.5154,573.937568407426,50,81.1670293197217,1126.68242931972,964.348370680278,"Q + gaze",1298.04375871426
103,1045.5154,573.937568407426,50,81.1670293197217,1126.68242931972,964.348370680278,"softmax(Q)",1267.66268353658
103,1045.5154,573.937568407426,50,81.1670293197217,1126.68242931972,964.348370680278,"softmax(Q * gaze)",1232.40860661411
103,1045.5154,573.937568407426,50,81.1670293197217,1126.68242931972,964.348370680278,"softmax(Q) * gaze",1327.36571458059
103,1045.5154,573.937568407426,50,81.1670293197217,1126.68242931972,964.348370680278,"softmax(Q) + gaze",1231.95295415003
103,1045.5154,573.937568407426,50,81.1670293197217,1126.68242931972,964.348370680278,"softmax(Q + gaze)",1250.85549455125
104,1186.4518,962.327986674767,50,136.093729020665,1322.54552902067,1050.35807097934,"Q",1331.68114899219
104,1186.4518,962.327986674767,50,136.093729020665,1322.54552902067,1050.35807097934,"Q * gaze",1390.97709740596
104,1186.4518,962.327986674767,50,136.093729020665,1322.54552902067,1050.35807097934,"Q + gaze",1276.28106223353
104,1186.4518,962.327986674767,50,136.093729020665,1322.54552902067,1050.35807097934,"softmax(Q)",1254.60084919225
104,1186.4518,962.327986674767,50,136.093729020665,1322.54552902067,1050.35807097934,"softmax(Q * gaze)",1287.12381978905
104,1186.4518,962.327986674767,50,136.093729020665,1322.54552902067,1050.35807097934,"softmax(Q) * gaze",1394.03156921761
104,1186.4518,962.327986674767,50,136.093729020665,1322.54552902067,1050.35807097934,"softmax(Q) + gaze",1250.67288731427
104,1186.4518,962.327986674767,50,136.093729020665,1322.54552902067,1050.35807097934,"softmax(Q + gaze)",1267.12785669492
105,999.9526,564.482978929627,50,79.8299484531044,1079.7825484531,920.122651546896,"Q",1337.61769419579
105,999.9526,564.482978929627,50,79.8299484531044,1079.7825484531,920.122651546896,"Q * gaze",1346.19418167426
105,999.9526,564.482978929627,50,79.8299484531044,1079.7825484531,920.122651546896,"Q + gaze",1266.46872748742
105,999.9526,564.482978929627,50,79.8299484531044,1079.7825484531,920.122651546896,"softmax(Q)",1281.94173563246
105,999.9526,564.482978929627,50,79.8299484531044,1079.7825484531,920.122651546896,"softmax(Q * gaze)",1263.13428995417
105,999.9526,564.482978929627,50,79.8299484531044,1079.7825484531,920.122651546896,"softmax(Q) * gaze",1345.12902871629
105,999.9526,564.482978929627,50,79.8299484531044,1079.7825484531,920.122651546896,"softmax(Q) + gaze",1215.48910216185
105,999.9526,564.482978929627,50,79.8299484531044,1079.7825484531,920.122651546896,"softmax(Q + gaze)",1235.68297722624
106,1239.215,848.752559072214,50,120.03173801388,1359.24673801388,1119.18326198612,"Q",1314.82171362684
106,1239.215,848.752559072214,50,120.03173801388,1359.24673801388,1119.18326198612,"Q * gaze",1433.26939522501
106,1239.215,848.752559072214,50,120.03173801388,1359.24673801388,1119.18326198612,"Q + gaze",1305.82215847853
106,1239.215,848.752559072214,50,120.03173801388,1359.24673801388,1119.18326198612,"softmax(Q)",1269.26253951017
106,1239.215,848.752559072214,50,120.03173801388,1359.24673801388,1119.18326198612,"softmax(Q * gaze)",1297.87014141521
106,1239.215,848.752559072214,50,120.03173801388,1359.24673801388,1119.18326198612,"softmax(Q) * gaze",1401.32444037604
106,1239.215,848.752559072214,50,120.03173801388,1359.24673801388,1119.18326198612,"softmax(Q) + gaze",1276.28248535686
106,1239.215,848.752559072214,50,120.03173801388,1359.24673801388,1119.18326198612,"softmax(Q + gaze)",1288.24277939392
107,1057.7944,559.730955936248,50,79.1579109165099,1136.95231091651,978.63648908349,"Q",1370.98923956129
107,1057.7944,559.730955936248,50,79.1579109165099,1136.95231091651,978.63648908349,"Q * gaze",1417.03027399463
107,1057.7944,559.730955936248,50,79.1579109165099,1136.95231091651,978.63648908349,"Q + gaze",1299.60923700626
107,1057.7944,559.730955936248,50,79.1579109165099,1136.95231091651,978.63648908349,"softmax(Q)",1246.63913214057
107,1057.7944,559.730955936248,50,79.1579109165099,1136.95231091651,978.63648908349,"softmax(Q * gaze)",1257.8552362582
107,1057.7944,559.730955936248,50,79.1579109165099,1136.95231091651,978.63648908349,"softmax(Q) * gaze",1329.36961650352
107,1057.7944,559.730955936248,50,79.1579109165099,1136.95231091651,978.63648908349,"softmax(Q) + gaze",1227.22766580213
107,1057.7944,559.730955936248,50,79.1579109165099,1136.95231091651,978.63648908349,"softmax(Q + gaze)",1226.52349240184
108,1012.6644,634.366110803018,50,89.7129157407501,1102.37731574075,922.95148425925,"Q",1310.97367142399
108,1012.6644,634.366110803018,50,89.7129157407501,1102.37731574075,922.95148425925,"Q * gaze",1305.93741788424
108,1012.6644,634.366110803018,50,89.7129157407501,1102.37731574075,922.95148425925,"Q + gaze",1266.82471315555
108,1012.6644,634.366110803018,50,89.7129157407501,1102.37731574075,922.95148425925,"softmax(Q)",1245.33974226666
108,1012.6644,634.366110803018,50,89.7129157407501,1102.37731574075,922.95148425925,"softmax(Q * gaze)",1263.74848468523
108,1012.6644,634.366110803018,50,89.7129157407501,1102.37731574075,922.95148425925,"softmax(Q) * gaze",1347.34333232324
108,1012.6644,634.366110803018,50,89.7129157407501,1102.37731574075,922.95148425925,"softmax(Q) + gaze",1222.57587569799
108,1012.6644,634.366110803018,50,89.7129157407501,1102.37731574075,922.95148425925,"softmax(Q + gaze)",1247.4000651851
109,1103.6972,567.087095826756,50,80.198226196497,1183.8954261965,1023.4989738035,"Q",1297.79988378608
109,1103.6972,567.087095826756,50,80.198226196497,1183.8954261965,1023.4989738035,"Q * gaze",1340.10361195938
109,1103.6972,567.087095826756,50,80.198226196497,1183.8954261965,1023.4989738035,"Q + gaze",1294.93963500121
109,1103.6972,567.087095826756,50,80.198226196497,1183.8954261965,1023.4989738035,"softmax(Q)",1279.11747443563
109,1103.6972,567.087095826756,50,80.198226196497,1183.8954261965,1023.4989738035,"softmax(Q * gaze)",1256.29598486115
109,1103.6972,567.087095826756,50,80.198226196497,1183.8954261965,1023.4989738035,"softmax(Q) * gaze",1381.98411972784
109,1103.6972,567.087095826756,50,80.198226196497,1183.8954261965,1023.4989738035,"softmax(Q) + gaze",1248.05861181029
109,1103.6972,567.087095826756,50,80.198226196497,1183.8954261965,1023.4989738035,"softmax(Q + gaze)",1228.90228905826
110,1034.9512244898,663.924188718212,49,94.8463126740303,1129.79753716383,940.104911815766,"Q",1299.90060824291
110,1034.9512244898,663.924188718212,49,94.8463126740303,1129.79753716383,940.104911815766,"Q * gaze",1382.30886433085
110,1034.9512244898,663.924188718212,49,94.8463126740303,1129.79753716383,940.104911815766,"Q + gaze",1273.88675104953
110,1034.9512244898,663.924188718212,49,94.8463126740303,1129.79753716383,940.104911815766,"softmax(Q)",1260.09758041362
110,1034.9512244898,663.924188718212,49,94.8463126740303,1129.79753716383,940.104911815766,"softmax(Q * gaze)",1256.49217091748
110,1034.9512244898,663.924188718212,49,94.8463126740303,1129.79753716383,940.104911815766,"softmax(Q) * gaze",1402.2705250137
110,1034.9512244898,663.924188718212,49,94.8463126740303,1129.79753716383,940.104911815766,"softmax(Q) + gaze",1251.55921749807
110,1034.9512244898,663.924188718212,49,94.8463126740303,1129.79753716383,940.104911815766,"softmax(Q + gaze)",1249.40741574369
111,1015.1792,526.350596841369,50,74.4372152616237,1089.61641526162,940.741984738376,"Q",1319.38236630933
111,1015.1792,526.350596841369,50,74.4372152616237,1089.61641526162,940.741984738376,"Q * gaze",1432.10942076665
111,1015.1792,526.350596841369,50,74.4372152616237,1089.61641526162,940.741984738376,"Q + gaze",1334.33329772208
111,1015.1792,526.350596841369,50,74.4372152616237,1089.61641526162,940.741984738376,"softmax(Q)",1269.53919222031
111,1015.1792,526.350596841369,50,74.4372152616237,1089.61641526162,940.741984738376,"softmax(Q * gaze)",1267.68504848146
111,1015.1792,526.350596841369,50,74.4372152616237,1089.61641526162,940.741984738376,"softmax(Q) * gaze",1430.0352738048
111,1015.1792,526.350596841369,50,74.4372152616237,1089.61641526162,940.741984738376,"softmax(Q) + gaze",1263.11208539181
111,1015.1792,526.350596841369,50,74.4372152616237,1089.61641526162,940.741984738376,"softmax(Q + gaze)",1267.7218678284
112,1082.096,702.586044073273,50,99.3606712262483,1181.45667122625,982.735328773752,"Q",1354.43857012506
112,1082.096,702.586044073273,50,99.3606712262483,1181.45667122625,982.735328773752,"Q * gaze",1367.9722731723
112,1082.096,702.586044073273,50,99.3606712262483,1181.45667122625,982.735328773752,"Q + gaze",1301.28411137077
112,1082.096,702.586044073273,50,99.3606712262483,1181.45667122625,982.735328773752,"softmax(Q)",1269.77938549184
112,1082.096,702.586044073273,50,99.3606712262483,1181.45667122625,982.735328773752,"softmax(Q * gaze)",1231.90457740541
112,1082.096,702.586044073273,50,99.3606712262483,1181.45667122625,982.735328773752,"softmax(Q) * gaze",1322.8572860952
112,1082.096,702.586044073273,50,99.3606712262483,1181.45667122625,982.735328773752,"softmax(Q) + gaze",1246.60898754004
112,1082.096,702.586044073273,50,99.3606712262483,1181.45667122625,982.735328773752,"softmax(Q + gaze)",1239.19697205602
113,1134.14979591837,717.739916957185,49,102.534273851026,1236.68406976939,1031.61552206734,"Q",1354.12622131337
113,1134.14979591837,717.739916957185,49,102.534273851026,1236.68406976939,1031.61552206734,"Q * gaze",1427.9823185875
113,1134.14979591837,717.739916957185,49,102.534273851026,1236.68406976939,1031.61552206734,"Q + gaze",1324.34268697899
113,1134.14979591837,717.739916957185,49,102.534273851026,1236.68406976939,1031.61552206734,"softmax(Q)",1257.29545962549
113,1134.14979591837,717.739916957185,49,102.534273851026,1236.68406976939,1031.61552206734,"softmax(Q * gaze)",1251.96334088469
113,1134.14979591837,717.739916957185,49,102.534273851026,1236.68406976939,1031.61552206734,"softmax(Q) * gaze",1424.11295624357
113,1134.14979591837,717.739916957185,49,102.534273851026,1236.68406976939,1031.61552206734,"softmax(Q) + gaze",1249.17957312721
113,1134.14979591837,717.739916957185,49,102.534273851026,1236.68406976939,1031.61552206734,"softmax(Q + gaze)",1241.20509142005
114,1034.99795918367,593.541176562263,49,84.7915966517518,1119.78955583543,950.206362531922,"Q",1338.14050889051
114,1034.99795918367,593.541176562263,49,84.7915966517518,1119.78955583543,950.206362531922,"Q * gaze",1509.06296849699
114,1034.99795918367,593.541176562263,49,84.7915966517518,1119.78955583543,950.206362531922,"Q + gaze",1379.26032855813
114,1034.99795918367,593.541176562263,49,84.7915966517518,1119.78955583543,950.206362531922,"softmax(Q)",1254.55121652712
114,1034.99795918367,593.541176562263,49,84.7915966517518,1119.78955583543,950.206362531922,"softmax(Q * gaze)",1283.45087938211
114,1034.99795918367,593.541176562263,49,84.7915966517518,1119.78955583543,950.206362531922,"softmax(Q) * gaze",1504.7789529508
114,1034.99795918367,593.541176562263,49,84.7915966517518,1119.78955583543,950.206362531922,"softmax(Q) + gaze",1304.68956584456
114,1034.99795918367,593.541176562263,49,84.7915966517518,1119.78955583543,950.206362531922,"softmax(Q + gaze)",1276.47946727779
115,1087.79367346939,731.168161171713,49,104.452594453102,1192.24626792249,983.341079016286,"Q",1326.68739160814
115,1087.79367346939,731.168161171713,49,104.452594453102,1192.24626792249,983.341079016286,"Q * gaze",1385.36233472677
115,1087.79367346939,731.168161171713,49,104.452594453102,1192.24626792249,983.341079016286,"Q + gaze",1298.33946123391
115,1087.79367346939,731.168161171713,49,104.452594453102,1192.24626792249,983.341079016286,"softmax(Q)",1244.87099692219
115,1087.79367346939,731.168161171713,49,104.452594453102,1192.24626792249,983.341079016286,"softmax(Q * gaze)",1282.67831242425
115,1087.79367346939,731.168161171713,49,104.452594453102,1192.24626792249,983.341079016286,"softmax(Q) * gaze",1414.35009008315
115,1087.79367346939,731.168161171713,49,104.452594453102,1192.24626792249,983.341079016286,"softmax(Q) + gaze",1259.95242134528
115,1087.79367346939,731.168161171713,49,104.452594453102,1192.24626792249,983.341079016286,"softmax(Q + gaze)",1259.93419553476
116,999.1868,587.142763783239,50,83.0345259591479,1082.22132595915,916.152274040852,"Q",1331.75985016854
116,999.1868,587.142763783239,50,83.0345259591479,1082.22132595915,916.152274040852,"Q * gaze",1400.95796673842
116,999.1868,587.142763783239,50,83.0345259591479,1082.22132595915,916.152274040852,"Q + gaze",1282.16716801603
116,999.1868,587.142763783239,50,83.0345259591479,1082.22132595915,916.152274040852,"softmax(Q)",1276.33573364604
116,999.1868,587.142763783239,50,83.0345259591479,1082.22132595915,916.152274040852,"softmax(Q * gaze)",1265.26516893791
116,999.1868,587.142763783239,50,83.0345259591479,1082.22132595915,916.152274040852,"softmax(Q) * gaze",1423.03605136762
116,999.1868,587.142763783239,50,83.0345259591479,1082.22132595915,916.152274040852,"softmax(Q) + gaze",1253.97304139509
116,999.1868,587.142763783239,50,83.0345259591479,1082.22132595915,916.152274040852,"softmax(Q + gaze)",1244.91692162282
117,1083.1882,615.846404630809,50,87.0938337767599,1170.28203377676,996.09436622324,"Q",1393.47011621324
117,1083.1882,615.846404630809,50,87.0938337767599,1170.28203377676,996.09436622324,"Q * gaze",1425.89018774355
117,1083.1882,615.846404630809,50,87.0938337767599,1170.28203377676,996.09436622324,"Q + gaze",1309.96551370782
117,1083.1882,615.846404630809,50,87.0938337767599,1170.28203377676,996.09436622324,"softmax(Q)",1236.96861777803
117,1083.1882,615.846404630809,50,87.0938337767599,1170.28203377676,996.09436622324,"softmax(Q * gaze)",1275.46416962259
117,1083.1882,615.846404630809,50,87.0938337767599,1170.28203377676,996.09436622324,"softmax(Q) * gaze",1355.31672858049
117,1083.1882,615.846404630809,50,87.0938337767599,1170.28203377676,996.09436622324,"softmax(Q) + gaze",1242.17839038865
117,1083.1882,615.846404630809,50,87.0938337767599,1170.28203377676,996.09436622324,"softmax(Q + gaze)",1263.23046061083
118,1120.12,752.782038726065,50,106.459456867727,1226.57945686773,1013.66054313227,"Q",1327.89533335614
118,1120.12,752.782038726065,50,106.459456867727,1226.57945686773,1013.66054313227,"Q * gaze",1529.40927083016
118,1120.12,752.782038726065,50,106.459456867727,1226.57945686773,1013.66054313227,"Q + gaze",1349.12732719792
118,1120.12,752.782038726065,50,106.459456867727,1226.57945686773,1013.66054313227,"softmax(Q)",1253.89999585304
118,1120.12,752.782038726065,50,106.459456867727,1226.57945686773,1013.66054313227,"softmax(Q * gaze)",1314.31732319183
118,1120.12,752.782038726065,50,106.459456867727,1226.57945686773,1013.66054313227,"softmax(Q) * gaze",1480.75399641991
118,1120.12,752.782038726065,50,106.459456867727,1226.57945686773,1013.66054313227,"softmax(Q) + gaze",1303.60902529298
118,1120.12,752.782038726065,50,106.459456867727,1226.57945686773,1013.66054313227,"softmax(Q + gaze)",1271.15027414377
119,1080.00530612245,745.548900092805,49,106.506985727544,1186.51229184999,973.498320394905,"Q",1300.42934482604
119,1080.00530612245,745.548900092805,49,106.506985727544,1186.51229184999,973.498320394905,"Q * gaze",1339.17333453404
119,1080.00530612245,745.548900092805,49,106.506985727544,1186.51229184999,973.498320394905,"Q + gaze",1281.27778406064
119,1080.00530612245,745.548900092805,49,106.506985727544,1186.51229184999,973.498320394905,"softmax(Q)",1266.81508250422
119,1080.00530612245,745.548900092805,49,106.506985727544,1186.51229184999,973.498320394905,"softmax(Q * gaze)",1262.55997260832
119,1080.00530612245,745.548900092805,49,106.506985727544,1186.51229184999,973.498320394905,"softmax(Q) * gaze",1413.45577804322
119,1080.00530612245,745.548900092805,49,106.506985727544,1186.51229184999,973.498320394905,"softmax(Q) + gaze",1247.43814651399
119,1080.00530612245,745.548900092805,49,106.506985727544,1186.51229184999,973.498320394905,"softmax(Q + gaze)",1252.11192537679
120,1319.9726,1328.57496333756,50,187.888873178131,1507.86147317813,1132.08372682187,"Q",1314.07094140509
120,1319.9726,1328.57496333756,50,187.888873178131,1507.86147317813,1132.08372682187,"Q * gaze",1508.09838475018
120,1319.9726,1328.57496333756,50,187.888873178131,1507.86147317813,1132.08372682187,"Q + gaze",1337.31687698246
120,1319.9726,1328.57496333756,50,187.888873178131,1507.86147317813,1132.08372682187,"softmax(Q)",1272.18991406716
120,1319.9726,1328.57496333756,50,187.888873178131,1507.86147317813,1132.08372682187,"softmax(Q * gaze)",1313.41091110656
120,1319.9726,1328.57496333756,50,187.888873178131,1507.86147317813,1132.08372682187,"softmax(Q) * gaze",1508.67741469636
120,1319.9726,1328.57496333756,50,187.888873178131,1507.86147317813,1132.08372682187,"softmax(Q) + gaze",1274.61226987588
120,1319.9726,1328.57496333756,50,187.888873178131,1507.86147317813,1132.08372682187,"softmax(Q + gaze)",1266.62324837729
